category,name,actor,year
开场,赵忠祥致开幕辞主持人介绍到场嘉宾相声大师侯宝林讲话 主持人向全国人民拜年,,1983
歌曲,《拜年歌》,李谷一,1983
相声,《山村小景》《小小雷锋》《说一不二》,马季、赵炎,1983
诗朗诵,《每逢佳节倍思亲》,林丽芳,1983
黄梅戏,《夫妻双双把家还》,索宝立、牟玄甫,1983
歌曲,《竹林沙沙响》,索宝立、牟玄甫,1983
歌伴舞,《草原民歌》,斯琴高娃、胡松华,1983
歌曲,《勤劳的比帕尔》《马铃响，玉鸟唱》,胡松华,1983
小品,《逛厂甸》,斯琴高娃、严顺开,1983
舞蹈,《节日》,赵青、徐川,1983
猜谜,（2）“年终算总帐”（打一句唐诗）,,1983
喜剧小品,《吃鸡》,王景愚、姜昆,1983
京剧表演,,尹宏伟[2],1983
京剧,《坐寨盗马》,袁世海,1983
相声,《错走了这一步》《对口词》《战士之歌》,姜昆、李文华,1983
猜谜,（3）“制定人口政策”（打一成语）,,1983
魔术表演,《彩扇争艳》,姚金芬,1983
杂技表演,,上海杂技团,1983
相声,,侯耀文、石富宽,1983
京剧,《空城计》,马长礼,1983
歌曲,《牧羊曲》《大海啊，故乡》《太阳岛上》,郑绪岚,1983
京剧,《霸王别姬》,李维康,1983
录像,电影《火烧圆明园》花絮电影《垂帘听政》片段,,1983
歌曲,《红花》《盼红军》,刘晓庆,1983
喜剧小品,《弹钢琴》,严顺开,1983
猜谜,（4）“镜子里面照着人”（打一字）,,1983
喜剧小品,《阿Q的独白》,严顺开,1983
相声录像,《戏剧杂谈》,侯宝林、郭全宝,1983
猜谜,（5）“晚会”（打一字）,,1983
歌曲联唱,《春之歌》《问声祖国好》《一根竹竿》《年轻的朋友》《知音》《乡恋》,李谷一,1983
歌曲对唱,《刘三姐》,李谷一、袁世海、姜昆,1983
京剧对唱,《牛皋招亲》,李谷一、袁世海,1983
武术表演,,葛春燕、郝志华、王杰、李霞、王建军、于绍文,1983
魔术表演,《吉庆有余》,姚金芬、秦明晓,1983
拜年歌,《恭贺新禧》,蒋大为、李谷一、于淑珍、苏平、沈小岑、朱明瑛、茅善玉、郭颂,1984
杂技,《转盘子》,李春来,1984
游戏竞赛,《看谁贴得快》,幼儿园小朋友,1984
儿童节目,狗熊猴子投篮比赛,姜昆、李文华,1984
相声,《宇宙牌香烟》,马季,1984
杂技,《伞衣帽》,李春来,1984
歌曲,《幸福在哪里》《党啊，亲爱的妈妈》,殷秀梅,1984
歌曲,《甜透了咱心窝》《串门》《山水醉了咱赫哲人》,郭颂,1984
歌曲,《请到天涯海角来》《妈妈教我一支歌》,沈小岑,1984
河南豫剧,《迎春曲》,牛得草,1984
哑剧小品,《淋浴》,游本昌,1984
粤剧,《故乡行》《南海渔歌》,丁凡、林锦屏,1984
京剧,《定军山》,谭元寿,1984
京剧,《将相和》,方荣翔,1984
小品,《吃面条》,陈佩斯、朱时茂,1984
黄梅戏,《女驸马》,马兰,1984
哑剧小品,《电视纠纷》,王景愚、李辉,1984
歌曲,《莫愁啊，莫愁》《大海啊，故乡》《回娘家》,朱明瑛,1984
歌曲,《滦水香茶献亲人》《我们的生活充满阳光》《月光照着太湖水》,于淑珍,1984
歌曲,《花儿为什么这样红》《天女散花》《阿里山姑娘》,奚秀兰,1984
评书,《赠羽扇》,袁阔成,1984
比赛,乒乓球比赛,李富荣、张燮林（解说：宋世雄）,1984
越剧,《慧梅》选段,王文娟,1984
游戏,金银猜,现场观众、黄阿原、姜昆,1984
相声小段,《春联》,马季、赵炎,1984
合唱,《辞旧迎新歌》,蒋大为、李谷一等8人,1984
歌曲,《萨拉族花儿“大眼睛”》《妹妹的山丹丹花儿开》,苏平,1984
沪剧,《燕燕做媒》《太湖美》,茅善玉,1984
歌曲,《我的中国心》《垅上行》《外婆的澎湖湾》《乡间的小路》,张明敏,1984
杂技气功表演,①《砸核桃》②《踩鸡蛋》③《撅铁柱》,侯伟(6岁)侯春雪(16岁)侯树英（54岁）,1984
歌曲,《友情》《默默地祝福你》《天黑黑》,黄植诚、李大维、黄阿原,1984
独唱,《三笑》插曲,陈思思（香港）,1984
相声,《夸家乡》,姜昆、李文华,1984
歌曲,《要问我们想什么》《战士与梅花》,蒋大为,1984
歌曲,《跳吧，年轻的伙伴》《那就是我》,李谷一,1984
花鼓戏,《刘海砍樵》,李谷一、姜昆,1984
主题歌曲,《难忘今宵》,李谷一,1984
京戏,《百猴迎春》,中国京剧院,1985
器乐演奏,《编钟乐曲》,湖北省歌舞团,1985
歌曲,《南乡子》,李元华,1985
歌曲,《万里长城永不倒》,吕念祖,1985
歌曲,《共享快乐年》《在我生命里》《中国梦》,罗文,1985
歌曲,《新春我们干一杯》《祖国慈祥的母亲》,张建一,1985
粤剧,《花市》《花城之春》,红线女,1985
高空杂技,《悠绳》,王景愚、张小卉,1985
歌曲,《赤子之心》,周峰,1985
相声,《大乐、特乐》,马三立,1985
越剧,《五女拜寿》《南海渔歌》,何赛飞、茅威涛,1985
歌曲,《一杯美酒》《我的歌会飞到你的身边》,迪里拜尔（维吾尔族）,1985
歌曲,《谁知我心》,吕念祖、李志秀,1985
歌曲,《龙的传人》《倩影》,黄锦波[注、1],1985
喜剧小品,《拍电影》,陈佩斯、朱时茂,1985
歌曲,《小草》《欢腾的小路》,房新华,1985
录像,《恭贺新年》,,1985
豫剧,《老牛接班》,虎美玲、小香玉、王全真,1985
舞蹈,《长袖舞》,湖北省歌舞团,1985
男女声二重唱,《十五的月亮》《生命之花》,董文华、柳培德,1985
杂技硬气功表演,二指拉石、手指钻砖,李登来,1985
歌曲,《故乡情》,奚秀兰,1985
歌曲,《登上高峰》,张明敏,1985
杂技,武术表演,郝勇、张小燕、赵长军、王建军、王群、李燕龙、邱建国,1985
歌曲,《长城脚下一朵小花》《年景》（根据《万水千山总是情]》曲调填词）,董岱,1985
相声,《看电视》,姜昆、李金宝,1985
京剧,《打渔杀家》,李慧芳（反串老生）（此前网上流传的节目单上的孙岳是误传）、王馥荔,1985
歌曲,《问候你，朋友》 《长城长江万里长》（此前网上流传的节目单写的是《万里长城万里长》）《家乡》,汪明荃,1985
歌曲,《友情》《默默地祝福你》《天黑黑》,黄植诚、李大维、黄阿原,1985
舞蹈,《迎来新时光》,总政歌舞团,1985
主题歌曲,《难忘今宵》,全体演员,1985
歌曲大联唱,①《拜年歌》②《请到天涯海角来》③《在那桃花盛开的地方》④《天仙配》⑤《回娘家》⑥《阿里山的姑娘》⑦《我的祖国》⑧《我们的生活充满阳光》⑨《我的中国心》⑩《刘海砍樵》?《今日痛饮庆功酒》,蒋大为、彭丽媛、成方圆、蒋大为、郑绪岚、牟玄甫、李维康、郁钧剑、彭丽媛、董文华、笑林、刘晓庆、姜昆、耿其昌、刘斌,1986
相声,《虎年谈虎》,刘伟、冯巩,1986
小魔术,,冯京、金云、陈佩斯、朱时茂,1986
京剧清唱,《红灯记》选段《穷人的孩子早当家》、《都有一颗红亮的心》,刘斌、李维康,1986
录像,海豚表演,,1986
谜语,“气球”（猜晚会上一演员的名字）,,1986
歌曲,《祖国啊我永远热爱你》,殷秀梅,1986
歌曲,《追求》,成方圆,1986
民歌,《过新年》,郁钧剑,1986
歌曲,《我多想》,成方圆,1986
小品,《送礼》,李婉芬、周国治,1986
小提琴独奏,《波兰舞曲》,郭昶,1986
相声,《怪声独唱》,笑林、李国盛,1986
舞蹈,《鼓舞》,夏丽蓉,1986
婚礼,,杨晟、于民刚,1986
谜语,“红双喜”（打一四字成语）,,1986
歌曲,《军港之夜》、《我要回到家乡去》,苏小明,1986
歌曲,《望星空》,董文华,1986
歌曲,《化蝶》、《哦，明天》,郑绪岚、牟玄甫,1986
川剧、豫剧、越剧会串,《断桥》,陶长进、小香玉、方亚芬,1986
谐剧,《零点七》,沈伐,1986
舞蹈,《双回门》（录像）,谭金凤、梅万明等,1986
相声,《戏迷》,侯耀文、石富宽,1986
魔术,《空中悬人》,余剑等,1986
山东快书,《吹牛》,郭秋林,1986
谜语,“四化在心上”（打一字）,,1986
歌曲,《太阳出来喜洋洋》,刘晓庆,1986
歌曲,《燕子》、《阿拉木罕》,江桦,1986
歌曲,《春光美》、《祝福歌》,张德兰,1986
相声,《照相》,姜昆、唐杰忠,1986
东北民歌,《送菜进城》,郭颂,1986
歌曲,《勿忘我》,彭丽媛,1986
歌曲,《最后一个梦》、《五十六个民族同唱一支歌》,蒋大为,1986
谜语,“春节三日不离厂”（打一字）、“慢等除夕钟声来”（猜一人名）,,1986
小品,《羊肉串》,陈佩斯、朱时茂,1986
相声,《唱歌的姿势》,姜昆、唐杰忠,1986
歌曲,《拜年歌》,全体演员,1986
开场歌舞,①《祝岁歌》②腰鼓演出③舞蹈演出,叶矛、廖莎延安地区群众艺术馆空军蓝天幼儿艺术团,1987
相声,《巧对影联》,刘伟、冯巩,1987
戏曲小品,《孙二娘开店》,游本昌、董元元、张寄蝶、孙绍东、朱世慧、莫元季、刘丰,1987
歌曲,《小小的我》,苏红,1987
西藏民歌,《酒歌》,胡松华,1987
动物小品,《家庭宴会》（录像）,王明玉、李扬（配音）,1987
小品,《恩爱夫妻》,王馥荔、陈裕德,1987
演奏,《除夕圆舞曲》,刘旭峰,1987
歌曲,《送给你明天的太阳》、《我们见面又分手》,叶丽仪,1987
相声,《学播音》,笑林、李国盛,1987
歌曲,《我爱五指山，我爱万泉河》,李双江,1987
歌曲,《血染的风采》,王虹、徐良,1987
双簧京剧清唱,《汉宫惊魂》选段——《金钟响》,李光、葛存壮,1987
相声,《虎口遐想》,姜昆、唐杰忠,1987
体育表演,《鞍马开花》,李宁等,1987
小魔术,《变兔》,冯京,1987
歌曲,《春天在哪里》,殷秀梅,1987
相声小品,《拔牙》,赵连甲、王刚,1987
录像,中学生服装表演,,1987
小品,《产房门前》,郭达、杨蕾、高兰村、邹小茜,1987
歌曲,《繁星从你眼前升起》,王静,1987
歌曲,《你会爱上它》,彭丽媛,1987
小串场,《音乐欣赏》,笑林、刘亚津,1987
歌曲,《三峡人家》,蒋大为,1987
相声,《打岔》,侯耀文、石富宽,1987
录像,抻面表演,北京饭店王造柱等,1987
歌曲,《我是春风我是爱》,郁钧剑,1987
小串场,《卖鱼》,刘亚津,1987
歌曲,《故乡的云》《冬天里的一把火》连唱,费翔,1987
歌曲,《日月与星辰》,董文华,1987
相声,《五官争功》,马季、赵炎、王金宝、冯巩、刘伟,1987
民族团结大联唱,,左纯、苏红、格桑曲珍（藏族）、克里木（维族）、赵琼霞（纳西族）、、赵玉衡（朝鲜族）、拉苏荣、金花（蒙古族）、马太萱（回族）、杜萍、张也、侯耀文（满族）、张德富、卢秀梅、安冬、曲比阿乌（彝族）,1987
联唱,《拜大年》,聂建华、孙立荣、魏金柱、梦歌、马兰、佟艳杰、张德富、刘慧琴、吉千、曹秀琴、吴国华、谢琳、张克鹏、顾谦、何英、红英、黄柯娣、方雪雯、周美娇等,1988
评书,《评书贯口》,刘兰芳,1988
小品,《急诊》,游本昌、赵丽蓉、王丽云、薛培培,1988
幽默杂技,《新春乐》,董峥臻、曲瞬绪、王解放、覃鸿植、王友民、乔海滨、韩志民、肖永福、王小兵（大连杂技团）,1988
男声独唱,《我们的祖国歌甜花香》,阎维文,1988
男声合唱,《男孩》,柳培德、李勇等,1988
相声,《求全责备》,刘伟、冯巩、牛振华、李艺、戴志诚、郑健、赵保乐,1988
动画片,《孙悟空与唐老鸭》,李扬,1988
女声独唱,《故乡情》,蒋丽萍,1988
京剧,《单雄信》,方荣翔,1988
拧擂拉戏,《包龙图打坐在开封府》[注 1],王开春,1988
女声独唱,《思念到永远》[注 2],程琳,1988
舞蹈,《看秧歌》,山西省歌舞剧院,1988
评书,《人物速写》,王刚、田连元、袁阔成,1988
男声独唱,《中国龙》,李双江,1988
女声独唱,《思念》,毛阿敏,1988
男声独唱,《雨中即景》,邓志乐,1988
相声联说,《对话趣谈》,常宝华、常圆、单联丽、王荃、李博成、李博良、卡尔罗、李立山,1988
歌曲,《娱乐升平颂羊城》,唐彪、安李,1988
舞火龙表演,《火龙表演》,梅县地区丰顺火龙队,1988
小品,《黄牌与金牌》,朱时茂、刘全和、刘全利,1988
对唱,《想亲亲》,卢秀梅、牛宝林,1988
小品,《清官难断家务事》,牛得草、朱世慧、郭达、杨蕾、石富宽、崔喜跃,1988
音乐猜,《影视歌曲联奏》,中央芭蕾舞团乐队指挥：胡炳旭钢琴：郭峰,1988
合唱,《分手时再敬一个军礼》,总政离休干部艺术团、领唱：寇家伦、指挥：孟贵彬,1988
歌曲,《热血颂》,张暴默、吕金鹤、郁钧剑、佟铁鑫、金曼、温亚丽,1988
女声独唱,《道路》,董文华,1988
相声,《攀比》,笑林、李国盛,1988
拉场戏,《驱邪》(此节目被取消，没有在央视直播中出现),,1988
现场互动,冰上集体婚礼,,1988
歌曲,《好凉快》,,1988
歌剧小品,《狗娃与黑妞》,陈佩斯、小香玉,1988
气功表演,《轻功表演》,张加陵,1988
男声独唱,《娜鲁湾情歌》,万沙浪,1988
对唱,《相聚在龙年》,万沙浪、韦唯,1988
相声,《电梯奇遇》,姜昆、唐杰忠,1988
女声独唱,《我们是黄河泰山》,彭丽媛,1988
男声独唱,《快乐的马车夫》,帕尔哈提,1988
独角戏,《踢足球》,石国庆[注、3],1988
女声独唱,《三百六十五里路》,包娜娜,1988
小品,《接妻》,沈伐、岳红,1988
男声独唱,《游子心》,叶振棠,1988
魔术,小魔术,姚金芬、秦鸣晓,1988
舞蹈,民族大联舞——节日之夜,姜昌善（朝鲜族）、李忠梅、郎晓兰、赵青、高娃、齐木格（蒙古族）、丁洁、官明军、沈培艺、李恒达、杨丽萍,1988
歌曲,《龙的传人》,侯德健,1988
小品,《门铃声声》,李文启、熊小田,1988
歌曲,《四川小吃人人爱》,练正华、李丹阳,1988
歌舞,《迎春的哈达》,德喜美多,1988
杂技,《蹬技》,重庆市杂技团,1988
相声,《巧立名目》,牛群、李立山,1988
结束曲,《我们是朋友》,全体演员、观众,1988
歌曲,《'89春节序曲》,中国广播交响乐团、中国青年交响乐团、中央民族乐团、海政歌舞团电声乐队联合演奏,1989
相声,《送春联》,李金斗、陈涌泉,1989
歌曲,《采槟榔》,张也,1989
歌曲,《幸福歌》,梦鸽,1989
花鼓戏,《补锅》,邢险峰、苏小路,1989
小品,《英雄母亲的一天》,赵丽蓉、侯耀文,1989
气功表演,《喷水断砖》、《缩身进笼》,张加陵、黄幼,1989
歌曲,《山情》,杭天琪,1989
综合节目,《儿童集体速算》,吉林省辽源市第二实验小学,1989
歌曲,《好小子》,程琳,1989
杂技,《少儿杂技集锦》,（年龄5-15岁）,1989
京剧,《铡美案》,阎锐、高艳平,1989
歌曲,《圆圆的世界》,胡月,1989
小品,《招聘》,笑林、师胜杰、黄宏、方青卓,1989
黄梅曲、越剧对唱,《十八相送》,吴琼、何英,1989
歌曲,《是你给我爱》,安冬,1989
歌曲,《爱的奉献》,韦唯,1989
歌曲,《英雄的赞歌》,鞠敬伟,1989
相声,《送别》,刘伟、马季,1989
舞蹈,《舞之魂》、《版纳三色》、《孔雀》,杨丽萍,1989
双簧(相声),,莫岐、王凤朝,1989
现代歌舞,《跳起来》,陶金、北京舞蹈学院当代舞蹈团、空政歌舞团、银河少年艺术团、潘家园老年迪斯科队等,1989
综合节目,《五花八门》,,1989
歌曲,《指南针》,蔡虹红,1989
歌曲,《明月千里寄相思》、《心恋》,徐小凤,1989
相声,《生日祝辞》,冯巩、牛群,1989
京剧,《苏三起解》,桑样（南斯拉夫）,1989
歌曲,《故园之恋》,陈汝佳,1989
歌曲,《春满京城》,王哲、刘玉婉,1989
小品,《懒汉相亲》,雷恪生、赵连甲、宋丹丹,1989
京剧,《锁麟囊》选段——《春秋亭》,迟小秋,1989
歌曲,《跟着感觉走》、《外婆的澎湖湾》、《太阳与月亮》,潘安邦,1989
歌曲,《外国影视歌曲联唱》,李静娴、马太萱、牟玄甫、刘艺、许丽娟、陈红、韦唯,1989
歌曲,《歌声与微笑》,银河少年电视艺术团,1989
歌曲,《你、我、他》,关牧村,1989
小品,《胡椒面》,陈佩斯、朱时茂,1989
歌曲,《刮春风》,彭丽媛,1989
相声,《捕风捉影》,姜昆、唐杰忠,1989
歌曲,《我的祖国》,郭兰英,1989
歌曲,《今宵多美好》,叶矛、廖莎、路浩、曲比阿乌、彭书民、杨二车娜姆,1989
综合节目,《活字典》,杨术,1989
相声,《太挤了》,笑林、李国盛,1989
民族舞蹈,《中国风》,中央民族学院音乐舞蹈系,1989
歌曲,《走向未来》,魏洪、张涓、黄应杰、林芳,1989
歌曲,播放前7年春节联欢晚会片头、《万紫千红》,杭天琪、屠洪刚,1990
大联唱,《马字令》,杨学进、彭书民、张暴默、刘伟、唐杰忠、刘秉义、刘斌、马玉涛、胡松华、苏红、罗宁娜、陈佩斯、牛群、赵莉、姜昆,1990
第一组独唱歌曲,①《闹新春》②《1234567》,李丹阳韦唯,1990
相声,《学唱歌》,姜昆、唐杰忠,1990
提线木偶,《小猴唱歌》,黄奕缺、李扬,1990
相声,《精彩一分钟》,田连元、冯巩,1990
舞蹈小品,《背起那小妹妹》,贾小平、纪广（山西省歌舞剧院）,1990
歌曲,《自己的天空》、《我是风》,文章,1990
相声,《无所适从》,牛群、冯巩,1990
第二组独唱歌曲,①《大雁的故乡》 ②《牧野情歌》 ③《边塞风》,乌云塔娜李玲玉范琳琳,1990
小品,《相亲》,赵本山、黄晓娟,1990
舞蹈,《京剧迪斯科》,银河少年电视艺术团,1990
歌曲,《献出心中诚与爱》、《我们爱这个错》,张明敏,1990
相声,《三顾茅庐》,刘伟、刘惠,1990
第三组独唱歌曲,①《好大一棵树》②《小背篓》③《走在大街上》,张晓梅宋祖英鞠敬伟,1990
戏曲小品,拷红,郑岩、小香玉、李玲玉、雷英、吴琼,1990
小品,《打麻将》,岳红、巩汉林,1990
舞蹈,《瞧这些婆姨们》,山西省歌舞剧院,1990
相声,《二重唱》,戴志诚、郑健,1990
第四组独唱歌曲,①《望春》②《边关情似火》③《黑头发飘起来》,苏红、杭宏杨洪基杭天琪,1990
小品,《难兄难弟》,严顺开、黄宏,1990
艺术体操,《健美变奏曲》,北京体育学院,1990
哑剧小品,《举重》,王景愚,1990
第五组独唱歌曲,①《当我们年轻的时候》②《西北汉子的红腰带》,翟春萍张伟进,1990
歌曲,《小丑》,凌峰,1990
小品,《主角与配角》,陈佩斯、朱时茂,1990
第六组独唱歌曲,①《幸福是什么》 ②《前门情思——大碗茶》,崔海堂李谷一,1990
京剧清唱,《定军山》,谭元寿,1990
歌曲,《送给你》,魏金栋、刘玉婉,1990
歌曲,《山丹丹花开红艳艳》,远征,1990
结束曲,《难忘今宵》,李谷一,1990
开场歌舞,《欢庆大歌舞》①《百子闹春》②《安徽花鼓灯》③《吴川飘色》④《三星贺喜》,中国人民解放军空军蓝天幼儿艺术团中央歌舞团广东省吴川县表演队北京戏曲学校、李长春、尚长荣、李嘉林,1991
歌舞,《祝酒请茶大拜年》,中央民族歌舞团、吉林市歌舞团、尼瓦杰、姬荣、曲比阿乌、方明、方荣、曹世华,1991
少儿戏曲联唱,①豫剧《花木兰》选段②黄梅戏《打猪草》选段③京剧《铡美案》④锡剧《双推磨》⑤越剧《红楼梦》,南京小红花艺术团演员徐佳孙丽莎、潘健王博文岳佳、陈鹭魏婕、庄丽,1991
喜剧小品,《手拉手》,黄宏、宋丹丹,1991
歌曲,《山寨相亲》,李玲玉,1991
杂技集锦,①《小蹬人》②《球技》③《风火轮》,朱慧、张锦榕曹利民、魏庆文赵永华,1991
戏曲时装表演及演唱,《梨园彩虹》,张强、刘小娜、陈蕾、张咪,1991
相声,《着急》,姜昆、唐杰忠,1991
歌曲,《鲁冰花》,甄妮,1991
联奏,《江南塞北》①评弹《苏州胜江南》②冬布拉弹唱《帕米尔洒满金色的阳光》③弦乐《梁祝》选段④马头琴演奏《万马奔腾》,黄霞芬、孙小云、蔡红红等中央民族歌舞团不详内蒙古马头琴乐团,1991
杂技,《盼盼与巴斯》,福州动物园、李扬（配音）,1991
相声,《亚运之最》,牛群、冯巩,1991
歌曲,《都是一个爱》,毛阿敏,1991
表演唱,《抓沙蟹》,谢峰,1991
杂技,①蒙眼剪纸②竖鸡蛋 ③快刀削果,王西安伍棣明刘爱群,1991
劳动欢歌,①《打麦号子》②《创地瓜》③《纺棉花》④《苹果熟了》 ⑤《采红菱》⑥《赶小海》⑦《丰收喜讯满山乡》,翟宪立、吉林市歌舞团、孙丽英、陈红、叶矛、廖沙、任静张洪玲,1991
喜剧小品,《陌生人》,巩汉林、蔡明,1991
歌曲,《跟着太阳走》,胡月,1991
歌曲,《你我是中国》,万山红,1991
戏曲哑剧小品,《洞房花烛夜》,白淑贤、张寄蝶,1991
歌曲,《水中花》,谭咏麟,1991
对口单弦,《体坛新曲》,史琳、杨子春,1991
歌曲,《去远方》,蔡国庆,1991
喜剧小品,《小九老乐》,赵本山、杨蕾,1991
歌曲,《江南情思》,黄霞芬,1991
歌曲,《再回首》,姜育恒,1991
歌曲,《同一首歌》,杭天琪、甄妮,1991
喜剧小品,《乡音》,魏积安、赵连甲、常佩双,1991
联唱,《夸家乡》⑴《夸山西》⑵《刘三姐》⑶《夸山东》 ⑷《黄杨扁担》 ⑸《江南好》⑹《鄂伦春小唱》 ⑺《凤阳花鼓》 ⑻《新疆是个好地方》 ⑼《节日夜晚》⑽《逛新城》⑾《挑担茶叶上北京》⑿《草原晨曲》 ⒀《我热恋的故乡》,吕继宏罗宁娜、彭书民、李丹阳、蔡红红、赵心、吴琼、李双江、宋祖英、张振富、张华敏、吴琼、胡松华、周皓、牛群,1991
歌曲,《在中国大地上》,彭丽媛,1991
京剧联唱,《甘露寺》选段,马长礼、辛宝达、言兴明、耿其昌,1991
喜剧小品,《警察与小偷》,陈佩斯、朱时茂,1991
歌曲,《闪光的心灵》,安冬,1991
歌曲,《一点烛光》,张丽华,1991
桂剧选场,《打棍出箱》,卢浩、陈观、阳杰,1991
英语京剧选场,《打瓜缘》,侯丹梅、张艺能、郭欣荣、陈少云,1991
歌曲,《我想有个家》,潘美辰,1991
歌曲,《共同的世界》,成方圆、解晓东、思浓、思雨,1991
相声,《笑星劝酒》,阎月明、常佩业、笑林、李国盛,1991
歌曲,《我唱一支羊年的歌》,梦鸽、魏金栋,1991
小品,《除夕之夜话渴望》,张凯丽、韩影、杨青、庞敏、邸英、孟秀、孙松,1991
歌曲,《路》,张暴默,1991
相声,《学唱》,白桦、邓小林,1991
杂技,《快速成衣》,刘敏、北京广告公司时装表演团,1991
歌曲,《一朵云霞》,杭宏、张继红、周燕红、杨迎,1991
歌曲,《留不住的话》,邝美云,1991
相声,《训徒》,马季、赵炎、史可达,1991
歌曲,《遥远的祝福》,赵欣瑜,1991
杂技魔术小品,《争先恐后》,姬晓廷、李宝东、都广友,1991
歌曲,《大黄河》,刘君侠,1991
结束曲,《大秧歌》,中央民族歌舞团、吉林市歌舞团,1991
联唱,《难忘的歌》（1983-1992）,李谷一、沈小岑、殷秀梅、刘君侠、成方圆、蒋大为、段乐、杭天琪、费翔、胡晓晴、那英、毛阿敏、彭丽媛,1992
相声,《小站联欢会》,侯耀文、石富宽,1992
歌舞,《大步流星奔小康》,李玲玉、吴琼,1992
小品,《秧歌情》,黄宏、宋丹丹,1992
舞蹈,《瑞雪》,杨丽萍,1992
小品,《戒赌》,宋小林、喻海燕、刘玉梅,1992
歌曲,《共同的风采》,彭丽媛,1992
相声,《美丽畅想曲》,姜昆、唐杰忠,1992
歌曲,《等你来》,宋祖英,1992
歌曲,《城市行囊》,胡慧中,1992
小品,《我想有个家》,赵本山、黄晓娟,1992
相声,《办晚会》,牛群、冯巩,1992
歌舞,《飞旋啊飞旋》,解晓东、张咪、张强,1992
歌曲,《荧屏心相印》,赵忠祥、孙晓梅、吕念祖等电视工作者,1992
戏曲欣赏,《梨园精萃》,赵飞、白涛、吴健平、方小娅,1992
歌曲,《新年快乐》,小虎队、忧欢派对、少女队、红孩儿,1992
歌曲,《今夜星辰》,孙启新、严顺开、梁谷音、陈述、达式常、陈海燕、章金莱、胡惠春（5岁）等,1992
歌曲,《杨柳青年画爱煞人》,韩笑,1992
动物小品,《超生游击队》,上海人民杂技团,1992
舞蹈,《踩鼓点》,宋拉成、艾媛等（山西省歌舞剧院）,1992
歌舞,《欢乐进万家》,陈红、牛宝林、金小凤（傣族）、毛宁,1992
杂技,《手影》,赵子岳,1992
歌曲,《马兰啊马兰》,李丹阳,1992
游戏,《顶牛》,（山西电视台选送）,1992
歌曲,《诉说》,罗宁娜,1992
歌曲,《说句心里话》,郁钧剑,1992
短剧,《拜年》,南京军区前线话剧团,1992
歌曲,《站起来》,李双江,1992
相声,《民族乐》,克里木、常佩业,1992
歌舞,《欢乐今宵》,董文华,1992
歌曲,《心中常驻芳华》,毛阿敏、刘德华、张雨生,1992
小品,《妈妈的今天》,赵丽蓉、巩汉林、李文启,1992
藏族歌舞,《向着太阳》,演唱者：达珍、领舞：达娃央宗、桑吉加,1992
歌曲,《让我一次爱个够》,庾澄庆,1992
相声,《宠物热》,李金斗、陈涌泉,1992
小品,《草台班子》,郭昶、黎舒兰、潘长江,1992
戏曲歌舞,《庙会风光》,陶慧敏、邓婕、朱世慧、马兰,1992
相声,《论捧》,阎月明、李建华、王平,1992
歌舞,《十二生肖拜大年》,梦鸽、魏金栋、孙浩、任静等,1992
相声,《改门脸》,唐爱国、齐立强,1992
歌曲,《乡愁》,胡浩波（旅法葡籍华人）,1992
小品,《姐夫与小舅子》,陈佩斯、朱时茂,1992
歌舞,《春天来了》,王蕾、刘小丽、马梅、周建霞、郑莉,1992
歌曲,《难忘今宵》,李谷一,1992
开场曲,《挂红灯》,海军海娃艺术团,1993
歌舞,《海军海娃艺术团》,宋祖英、李丹阳、吴琼、陈俊华,1993
魔术表演,,秦鸣晓姚金芬,1993
戏曲表演,《春童献瑞》,南京小红花艺术团,1993
小品,《擦皮鞋》,黄宏、魏积安,1993
歌舞,《好年头好兆头》,陈红、景岗山,1993
戏曲小品,《群丑争春》,朱世慧、寇春华、牛得草、张寄蝶、刘异龙、林继凡、李笑非、任廷芳、王道正等,1993
歌曲,《想家的时候》,阎维文、万山红,1993
小品,《老拜年》,赵本山、王中青、苏杰、阎淑萍,1993
歌曲,《像雾像雨又像风》,梁雁翎,1993
歌曲,《除了你还有谁》,邝美云,1993
歌曲,《太阳从你手中升起》,董文华,1993
舞蹈,《山妞与模特》,周洁、四川省凉山州歌舞团,1993
歌曲,《走进我的梦幻童年》,蔡国庆,1993
小品,《张三其人》,严顺开、赵玲琪、杨新鸣、徐小帆、鞠波,1993
歌曲,《赶圩归来啊哩哩》,罗宁娜,1993
相声,《相声》,姜昆、唐杰忠,1993
歌曲,《春的祝贺》,彭丽媛,1993
歌曲,《众人划浆开大船》,傅笛生,1993
舞蹈,《两棵树》,杨丽萍、陆亚,1993
小品,《桥》,潘长江、黄小娟,1993
歌曲,《回家》,王杰,1993
歌曲连唱,《热歌热舞》、《把所有的爱都给你》、《全心演好每一个自己》,郭富城、马萃如,1993
川剧小品,《射雕》,王馥荔、邓婕、陈小艺,1993
歌曲,《涛声依旧》,毛宁,1993
歌曲,《妈妈怀里的歌》,蒋小涵,1993
相声,《拍卖》,牛群、冯巩,1993
歌曲,《为我们的今天喝彩》,林萍,1993
京剧选段,《坐宫》,梅葆玖、梅葆玥,1993
小品,《推销》,张国立、刘亚津、张敬,1993
歌曲,《传统光辉耀星河》,,1993
歌曲,《风》,毛阿敏,1993
民乐演奏,《幸福年》,中国广播艺术团民乐团,1993
歌曲,《金鸡报春》,梦鸽、魏金栋,1993
小品,《黄土坡》,郭达、蔡明,1993
相声,《侯大明白》,侯跃文、石富宽,1993
戏曲,《武旦绝技》,方小娅,1993
歌曲,《一角四唱》,王树芳,1993
小品,《市场速写》,郭冬临、张慈、法比奥,1993
舞蹈,《闻鸡起舞》,陶金、阿内、阿兵,1993
尾声,《携手同行》,解晓东、罗文、苏芮、巫启贤、那英,1993
开场歌舞,《千秋万岁为大年》,南京军区前线歌舞团、大连歌舞团、武警十三支队,1994
少儿歌舞,《金钹响鼓送除夕》,河南开封市少儿盘鼓队、沈阳市青少年宫艺术团,1994
歌曲,《除夕情》,毛阿敏,1994
歌曲,《足下飞舞跳跳跳》,二炮歌舞团舞蹈队,1994
少儿歌舞,《狗娃闹春》,山东郓城宋江武术学校,1994
京剧,《铡美案》片段、《赤桑镇》片段,王海波、王树芳,1994
小品,《越洋电话》,郭达、蔡明,1994
歌曲,《黎明》,蔡大生,1994
综艺,《思乡》,孔祥东、吕思清、潭元元、徐刚,1994
杂技,呼啦圈表演,欧阳贝妮,1994
歌曲,《一二三四歌》,阎维文,1994
小品,《密码》,高秀敏、赵世林,1994
歌舞,《找朋友》,南京军区前线歌舞团,1994
无伴奏独唱,《蝉之歌》,贵州黔东南自治区代表队,1994
歌曲,《竹马沙沙》,思浓、思雨,1994
群口相声,《跑题》,李金斗、石富宽、阎月明、单联丽,1994
二重唱,《城市面孔》,罗宁娜,1994
纪实节目,《全家福》,倪萍、徐永辉,1994
歌曲,《今日的中国人》,殷秀梅,1994
小品,《八哥来信》,王馥荔、戚慧、赵亮,1994
歌曲,《长大后我成了你》,宋祖英,1994
小品,《吃饺子》,赵丽蓉、李文启、王涛,1994
小品,《打扑克》,黄宏、侯跃文,1994
歌曲,《长城长》,董文华,1994
歌曲,《回家的人》,江涛,1994
小品,《上梁下梁》,郭柏松、杨瑞瑞,1994
二重唱,《春花》,梦鸽、魏金栋,1994
戏曲集锦,《群英荟萃》①《观灯》②《花木兰》③《梁祝》,韩再芬、李迎春小香玉肖雅、吴国兰、耿其昌、王立军、郭秉新等,1994
相声,《点子公司》,冯巩、牛群,1994
歌曲,《喊太阳》,聂建华,1994
四重唱,《家乡的花》,翟宪立、李丹阳、周灵燕、董青,1994
二重唱,《无悔的选择》,蔡国庆、林萍,1994
歌舞,《追日》,刘敏、黄启成、南京军区歌舞团、大连歌舞团,1994
魔术小品,《大变活人》,陈佩斯、朱时茂、梅婷[3]等,1994
舞蹈,《春梦》,沈培艺、南京军区前线歌舞团、大连歌舞团,1994
歌舞,《生命之火》,韩延文,1994
歌曲,《听春风》,张也,1994
小品,《拆迁变奏曲》,魏吉安、杨蕾、韩善续,1994
歌舞,《篝火狂欢》,北京舞蹈学院民间舞系、国家民委少数民族代表队,1994
开场歌舞,《吉祥红灯舞》,黑龙江省歌舞剧院舞蹈团、兰州军区战斗歌舞团、北京军区战友歌舞团、湖北省宜昌市歌舞团、蓝天幼儿艺术团,1995
歌舞,《你想看什么》,陶金、谢津,1995
歌舞,《大年夜》,山西省歌舞剧院黄河少年艺术团、方明、张帆、卢崧、苏青,1995
歌曲,《万事如意》,张也,1995
小品,《找焦点》,黄宏、杨蕾,1995
歌组合,①《火火的歌谣》②《梦在他乡》③《今儿个高兴》,林依轮毛宁、解晓东,1995
小品,《如此包装》,赵丽蓉、巩汉林、孟薇等,1995
舞蹈,《醉鼓》,黄豆豆、兰州军区战斗歌舞团、黑龙江省歌舞剧院舞蹈团,1995
歌组合,①《轻轻地告诉你》②《江南柳》③《辣妹子》,杨钰莹甘苹宋祖英,1995
歌曲,《当我们年轻时》,郑咏、幺红,1995
歌曲,《斗牛士之歌（英语：Toreador Song）》,袁晨野、北京蓝天幼儿艺术团,1995
歌曲,《欢乐颂》,杜吉刚、王蕾、王霞、雷岩,1995
相声,《谁有毛病》,刘俊杰、赵炎,1995
歌曲,《风中有朵雨做的云》,孟庭苇,1995
小品,《父亲》,郭达、蔡明、赵宝乐、于海伦等,1995
歌组合,①《回家》②《爱的港湾》③《骨肉情》,蔡国庆张迈阎维文,1995
小串场,《人体复印机》,李博成、李博良等,1995
京剧汇唱,《包龙图》迟彦春、李养元《铡美案》选段 演唱者：李欣 康万生 杨燕毅《赤桑镇》选段 演唱者：马名骏《普天乐》选段 演唱者：宋昌林 邓伟 孟广禄《打龙袍》选段 演唱者：尚长荣,操琴、迟彦春、司鼓：李养元李欣、康万生、杨燕毅马名骏宋昌林、邓伟、孟广禄尚长荣,1995
相声,《最差先生》,牛群、冯巩,1995
歌组合,①《小桃红》②《同桌的你》 ③《天不下雨天不刮风天上有太阳》⑷《牵挂你的人是我》⑸《笑脸》,白雪老狼于文华、尹相杰高林生谢东,1995
歌曲,《中华民谣》,陈红、孙浩,1995
小品,《牛大叔“提干”》,赵本山、范伟、张玉屏,1995
歌曲,《算盘歌》,江涛、张秋秋、谢若琳,1995
歌曲,《雾里看花》,那英,1995
小品,《有事您说话》,郭冬临、李文启、买红妹,1995
舞蹈,《春韵》,周洁、兰州军区战斗歌舞团,1995
歌曲,《遥远的朋友》,彭丽媛,1995
魔术表演,,付腾龙、徐秋、徐越等,1995
歌曲,《忘情水》,刘德华,1995
歌曲,《不朽的黄河》,董文华,1995
小品,《纠察》,孙涛、郭月,1995
歌组合,《当兵的人》　①《什么也不说》②《士兵小唱》 ③《当兵的人》,郁钧剑范春梅、范琳琳、刘小娜刘斌,1995
歌曲,《金陵十二钗》,何英、颜恝、邱华芳、吴俊、张志红等,1995
杂技,杂技精萃,成都军区战旗杂技团、天津市杂技团,1995
歌曲,《远方伴着你》,毛阿敏,1995
群口相声,《新春乐》,李金斗、石富宽、常贵田、阎月明,1995
歌曲,《美丽的心愿》,李丹阳、罗宁娜,1995
舞蹈,《欢聚》,何晓佩、黑龙江省歌舞剧院舞蹈团、兰州军区战斗歌舞团、北京军区战友歌舞团,1995
歌曲,《中国大舞台》,殷秀梅,1995
小歌剧,《克里木参军》选段,孙丽英、阿不力孜聂,1995
舞蹈,《土里巴人》,戴莉、陈东、湖北宜昌市歌舞剧团、兰州军区战斗歌舞团、黑龙江省歌舞剧院舞蹈团、北京军区战友歌舞团,1995
歌曲,《今夜难眠》,杨洪基、林萍,1995
开场歌舞,,张也、魏松、冯健雪,1996
歌舞,《过大年》,杭天琪、红霞、徐樱,1996
三地相声,《一样不一样》,王平、唐杰忠（北京）、王谦祥、李增瑞（上海）、常贵田、王培元（西安）,1996
歌组合,《童心童趣》,胡珊珊、洪潇、柳婕莹、欧阳梦婷、唐婉等,1996
小品,《机器人趣话》,蔡明、郭达,1996
歌曲,《火火的北京》,谢晓东,1996
音乐小品,《过河》,潘长江、阎淑萍,1996
歌与舞,《兵哥哥》,宋祖英、张玉萍,1996
三地小品,《一个钱包》,李丁、刘淑萍、杨新鸣（北京）魏启明、童正维、何冰（上海）、李琦、句号、王艳梅（西安）,1996
歌组合,《乡风乡韵》,曲比阿乌、李蓉、陆莉莉、徐秀霞、杨华、金永玲、阿布力孜、聂凯、凯璐、耿国际、张世嵘、松鹿、马文杰,1996
戏歌,《中国戏曲真神奇》,刘斌、孙丽英、郭公芳、程桂兰、韩延文,1996
相声,《其实你不懂我的心》,姜昆、戴志诚、北京国安足球队、上海申花足球队、西安球迷,1996
歌曲,《我的爱对你说》,叶倩文,1996
小品,《打工奇遇》,赵丽蓉、巩汉林、金珠,1996
舞蹈,《丰收夜》,熊健、李晓燕,1996
小品,《今晚直播》,黄宏、徐帆,1996
歌曲,《真情永远伴着您》,董文华,1996
小品,《路口》迟彦春、李养元《铡美案》选段 演唱者：李欣 康万生 杨燕毅《赤桑镇》选段 演唱者：马名骏《普天乐》选段 演唱者：宋昌林 邓伟 孟广禄《打龙袍》选段 演唱者：尚长荣,郭冬临、魏积安、赵亮,1996
歌曲,《我属于中国》,彭丽媛,1996
歌曲,《我们一起来唱歌》,阎维文,1996
小品,《三鞭子》,赵本山、范伟、李海,1996
京剧名段荟萃,《行云流水》,于魁智、李海燕、邓沐玮、梅葆玖、赵葆秀、耿其昌、李维康,1996
相声,《明天会更好》,牛群、冯巩,1996
激光琴演奏,《流光溢彩》,周小燕、程不时,1996
歌组合,《95流行风》,蔡国庆、孙悦、黄格选、高松、伊扬、安伟、韩特、俞静、谢若琳、钟梅、季红、杨洋、王智慧、高枫、刘小娜,1996
地方戏曲集锦,《地方戏曲集锦》,小香玉、胡敏华、李梅、董利森、赵忠祥、倪萍等,1996
独舞,《绿》,刘晶,1996
评弹演唱,《穿越霓虹》,苏红、朱虹,1996
歌曲,《总会等到那一天》,那英、毛宁,1996
相声,《老少乐》,马季、刘伟,1996
歌曲,《名人名曲组唱》,成方圆、郁钧剑、关牧村、蒋大为,1996
三地歌组合,《神州大对歌》,吕继宏、李丹阳、林萍、林依伦、阵思思（北京）、佟铁鑫、红豆、甘苹、白雪、周灵燕（上海）、王静、魏金栋、孙浩、陈俊华、何静（西安）,1996
三地歌舞,《迎春钟声》,袁晓红、李星、吕薇、肖玫、朱砂、刘媛媛、相玲、陈静,1996
歌曲,《中国我可爱的故乡》,江涛张迈,1996
歌曲,《畅饮回忆》,童安格,1996
歌组合,《欢歌恋曲》,陈真、聂建华、泽娜卓玛、多吉次仁、乌日娜、乌兰那日苏、戴滨、王英民、梁音、孙静,1996
魔术,《隔夜修书》,傅腾龙、徐越、傅琰东,1996
歌曲,《公仆赞》,万山红,1996
歌组合,《江河共举杯》,殷秀梅、袁晨野、黄岳峰、王霞、顾欣、余佩敏、王静、孙毅,1996
尾声,《难忘今宵》,李谷一、全体演员、陈军,1996
开场歌舞,《大团圆》,全体演员,1997
歌曲,《手挽手心连心》,刘欢、蒋中一,1997
小儿京剧,《菊坛新蕊》,胡晓楠、中国戏曲学校附中、河北艺术学校保定分校,1997
相声,《两个人的世界》,冯巩、牛群,1997
歌舞,《青青世界》,那英,1997
小品,《柳暗花明》,魏积安、高秀敏,1997
歌舞,《真情永存》,宋祖英,1997
小品,《过年》,郭达、蔡明、郭冬临,1997
歌舞,《中国娃》,解晓东,1997
小品,《三姐妹当兵》,孙涛、景风凌、王景、郭月,1997
歌舞组合,《青春季节》,杨洋、金彪、苑冉、丝敏、嘉悦、李蓉、徐秀霞、高瑛、辛辛、刘莹莹、胡晶、李岩、蒋中一,1997
微型音乐剧,《天长地久》,王刚、尹相杰、孙悦、王静、佟铁鑫、袁莉、王新军,1997
相声小段,《送春联》,笑林、李国威,1997
歌组合,《老唱片与激光唱盘》,马玉涛、胡松华、邓玉华、李双江、李光曦、聂建华、林依轮、李丹阳、魏英霞、王洪兰、雷湘、钟梅、季红、杨洋、陈明、冯晓泉、廖忠、伊杨、满文军,1997
相声,《送您一支歌》,姜昆、戴志诚,1997
歌曲,《春天的故事》,董文华,1997
京剧名家名段,《流派纷呈》,于魁智、赵秀君、孟广禄、张建国、李海燕、尚长荣,1997
小品,《鞋钉》,黄宏、巩汉林,1997
歌舞,《珠穆朗玛》,彭丽媛,1997
小品,《红高粱模特队》,赵本山、范伟等,1997
地方戏曲,《戏苑飘香》,小香玉、李东桥、李梅、马兰、刘芸、王超,1997
幽默体操小品,《宇宙体操选拔赛》,陈佩斯、朱时茂、李宁、李大双、李小双、李敬、李春阳、李小鹏,1997
歌曲,《拥抱明天》,林萍、毛宁、江涛,1997
歌舞,《黄河鼓震》,郁钧剑、张也,1997
小品,《戏里戏外》,牟洋、于海伦、黄玉玲,1997
歌组合,《地方戏曲集锦》,孙静、耿维华、孙丽英、吕继宏、刘玉婉、梦鸽、王英民、陈小涛,1997
相声,《京九演义》,侯耀文、石富宽,1997
歌曲,《天使》,彭羚,1997
相声小段,《送福》,唐杰忠、刘流,1997
歌曲,《公元一九九七》,孙国庆、朱明瑛、韩磊、田震、孙楠、彭玲、王霞、左纯、冯桂荣,1997
配乐诗朗诵,《北京时间》,赵忠祥、倪萍,1997
歌曲,《迎春钟声》,张华敏、李星、吕薇、陈思思、朱莎、刘春梅、相玲、潘军,1997
魔术,,秦鸣晓、马嘉仕、姚金芬,1997
歌曲,《因为是你》,张宇,1997
相声小段,《打传呼》,师胜杰、赵宝乐,1997
歌曲,《走到一起来》,陈红、红豆、张迈、罗中旭、谢若琳、韩特、程琳琳、陈少华,1997
歌舞组合,《民族欢歌》,彭晓虹、金凤浩、范秀冬、张宁、安伟、宗庸、卓玛、段乐、张娟、古丽夏提、曲比阿乌、刘媛媛,1997
主题歌,《手挽手心连心》,蒋大为、关牧村、卢秀梅、刘斌、张继红、徐樱,1997
音乐尾声,《难忘今宵》,全体演员,1997
开场歌舞,,全体演员,1998
相声,《坐享其成》,冯巩、牛群,1998
戏曲联唱,《兰菊竞秀》（客串主持人客串）,小香玉（豫剧）、韩再芬（黄梅戏）、彭蕙蘅（河北梆子）,1998
小品,《我在马路边》,严顺开、杜宁琳、赵玲琪、蒋小涵,1998
歌曲,《青春本色》,林依轮、景岗山、罗中旭,1998
小品,《回家》,黄宏、宋丹丹,1998
歌曲,《好日子》,宋祖英,1998
舞蹈,《梅》,解晓东,1998
小品,《拜年》,赵本山、高秀敏、范伟,1998
歌曲,《走进新时代》,李光羲、李谷一、张也,1998
歌组合《流行风》,⑴《万水千山总是情》⑵《喜乐年华》⑶《走四方》⑷《为我们的今天喝彩》⑸《阳光天堂》⑹《大红灯笼》⑺《大花轿》⑻《女孩的心思你别猜》⑼《问长江》⑽《愚公移山》⑾《我的爱对你说》⑿《真心英雄》,周海媚陈红、蔡国庆韩磊林萍、李丽翎、徐樱孙浩、伊扬钟梅、杨洋、张娟火风周亮、孙萌、郑萧胡月、朱晓红江涛、高枫白雪、张秋秋、张媛媛屠洪刚、杭天琪、傅玉斌、邓亚萍、王涛,1998
歌曲,《相约一九九八》,那英、王菲,1998
舞蹈,《龙腾虎跃》,黄豆豆,1998
小品,《功夫令》,赵丽蓉、巩汉林,1998
杂技,《转毯与蹬人》,小米粒、陈扬、陈韫、谢丹、谢兰,1998
歌曲,《健康歌》,解晓东、范晓萱,1998
小品,《一张邮票》,潘长江、黑妹、大山,1998
歌曲,《我爱你中国》,范宇文,1998
歌曲,《大中国》,毛宁、刘德华、张信哲,1998
戏曲,《戏曲绝活》,朱世慧、张寄蝶、彭登怀、何超、于魁智、李军、李洁、李胜素、刘桂娟、赵秀君、孟广禄、陈俊杰,1998
歌曲,《远航》,董文华,1998
小品,《东西南北兵》,范明、赵亮、林永健、范雷、吴军、田梅荣、马静、高音、管琳娜、王霞,1998
歌曲联唱《往日情怀》,⑴《掀起你的盖头来》⑵《美丽的草原我的家》⑶《祖国一片新面貌》⑷《弹起我心爱的土琵琶》⑸《北京的金山上》⑹《红星照我去战斗》⑺《打起手鼓唱起歌》,克里木德德玛张振富、耿莲凤郁钧剑才旦卓玛李双江关牧村,1998
明星反串,《大拜年》,江珊、郭冬临、朱世慧、鞠萍、魏积安、王璐遥、王馥荔、笑林、侯耀华、杨蕾、郭达、蔡明,1998
相声,《同桌的你》,师胜杰、孙晨,1998
小品,《王爷邮差》,陈佩斯、朱时茂,1998
舞蹈,《缤纷四季》,瞿颖、周洁,1998
歌曲,《好汉歌》,刘欢,1998
魔术,《人换人》,傅腾龙、徐秋、傅琰东、董昕、徐越,1998
歌曲,《国色天香》,彭丽媛,1998
歌曲,《同心同庆》,王霞、刘君侠、黄越峰、刘媛媛、胡雁,1998
歌舞,《万鼓催春》,孙维良、赵景春、陈小涛、袁艺、孙杰、红霞、李敏、刘爱玲、张娜、孙慧莹、朝鲁、郭瓦加毛吉、古丽夏提,1998
开场歌舞,《玉兔迎春》,河北省歌舞剧院、河北省艺术学校、吉林省歌舞团、贵州遵义杂技团、空军蓝天幼儿艺术团、武汉邮政艺术团、吉林省戏曲学校,1999
歌舞,《欢乐中国年》,孙悦、解小东、成都军区战旗歌舞团,1999
相声,《同喜同乐》,大山、卡尔罗、露露、莫大伟,1999
小品,《将心比心》,高秀敏、范伟、黑妹,1999
歌曲,《山路十八弯》,李琼,1999
歌曲,《对面的女孩看过来》,任贤齐,1999
小品,《老将出马》,赵丽蓉、巩汉林、金珠,1999
歌曲联唱,《瑞雪兆丰年》,吕薇、湘女、朱砂、陈思思、杨华、李星、刘春梅、贺继红,1999
杂技,《滚环》,广州军区战士杂技团、成都军区战旗歌舞团,1999
相声,《瞧这俩爹》,冯巩、牛群,1999
歌舞,《风风火火走一回》,吕继宏、于文华、李丹阳、耿为华、成都军区战旗歌舞团,1999
小品,《爱父如爱子》,严顺开、凯丽、李丁、王景,1999
歌舞,《新吉利话》,林依轮、李红、王璐遥、戴娆、钟梅、河北省歌舞剧院、河北省艺术学校,1999
小品,《真情30秒》,孙涛、林永健、毛孩、周炜、范雷,1999
歌曲,《常回家看看》,陈红、蔡国庆、张迈、江涛,1999
歌曲,《为了谁》,祖海、佟铁鑫,1999
小品,《打气儿》,黄宏、句号,1999
金曲回顾1,⑴《辣妹子》⑵《说句心里话》⑶《珠穆朗玛》,宋祖英郁钧剑、阎维文彭丽媛,1999
小品,《昨天今天明天》,赵本山、宋丹丹、崔永元,1999
金曲回顾2,⑴《走进新时代》⑵《在那桃花盛开的地方》⑶《十五的月亮》⑷《送吉祥》,张也、蒋大为、董文华、卢秀梅、刘斌,1999
相声,《白吃》,奇志、大兵,1999
舞蹈,《春》,刘敏、成都军区战旗歌舞团、河北省歌舞剧院、吉林市歌舞团、吉林省戏曲学校,1999
歌舞,《大年三十包饺子》,王馥荔、姜昆、首都师范大学艺术系演员,1999
小品,《球迷》,郭达、蔡明、郭冬临,1999
京剧名段荟萃,⑴《对花轮》⑵《锁麟囊》⑶《打龙袍》⑷《坐宫》⑸《定军山》,袁惠琴、胡璇、阎红霞、张火丁、刘桂娟、李海燕、孟广禄、邓沐玮、陈俊杰 、王迪 李豪楠、赵秀君、王蓉蓉、张萍、徐燕、于魁智、李军,1999
歌曲,《风，请你告诉我》,胡晓平、莫华伦、梁宁、欧美同学会合唱团（北京演播厅）、田浩江、黄莺、迪里拜尔、叶英、于吉星、栾峰、苗青（海外）,1999
歌曲,《床前明月光》,梅艳芳,1999
歌曲,《激情飞越》,韦唯、黄伟麟、苏芮、温兆伦及众歌星,1999
歌曲,《七子之歌——澳门》及澳门濠江中学校长杜岚讲话,容韵琳,1999
歌曲,《春暖花开》及何厚铧讲话,周艳泓、甘苹、谢雨欣、眉佳、张媛媛、王向云,1999
歌舞,《鼓震神州》,小香玉、旁边、星星、山西小香玉希望艺术学校、北京建雄文工团,1999
小品,《减肥变奏曲》,曾志伟、沈殿霞、潘长江、李琦等,1999
歌舞,《快乐指南》,林萍、陈明、景岗山、黄格选、武汉邮政艺术团,1999
音乐剧,《新龟兔赛跑》,杨洪基、王静、尹相杰、董浩、安宁、宋丽娜、释小龙,1999
三人舞,《吉祥》,刘晶、吕浪、石泉,1999
歌曲,《春天的钟》,程志、顾欣、魏松、银河少年电视艺术团,1999
联唱,《民族欢歌》①《亚克西》 ②《鸟打铃》③《有一个美丽的地方》④《花儿与少年》⑤《扎西德勒》⑥《桂花开放幸福来》⑦《编花篮》⑧《腾飞的骏马》⑨《爱我中华》,阿不力孜、古丽夏提、金月、女阿依信、孙静、马小晨、王庆君、杨亚平、高音宗庸卓玛、郭瓦加毛吉、拉姆措、泽娜卓玛、刘媛媛、刘爱玲、鲍蓉、周芳、陈淑敏、刘迎春道尔吉仁钦、吉日木图曲比阿乌、罗宁娜、梦鸽、陈真,1999
歌曲,《为祖国干杯》,幺红、郑咏、郑莉、胡雁、刘君侠、戴玉强、丁毅、于乃久,1999
尾声,《难忘今宵》,全体合唱,1999
歌舞,《把春天迎进来》,章子怡、广州军区战士歌舞团、吉林市歌舞团、北京星之海艺术团,2000
相声,《旧曲新歌》,冯巩、郭冬临,2000
歌舞,《军中姐妹》,张薇薇、张莉莉,2000
歌曲,《打个电话》,林志炫、黄格选、满文军、满江,2000
小品,《同桌的她》,潘长江、巩汉林、王思懿,2000
少儿歌舞,《找朋友》,白雪、陈红、甘苹、空军蓝天少儿艺术团、内蒙古小鸿雁艺术团、银河少年电视艺术团、爱新觉罗元琅、谢晓琳、孙佳依、陈俏、晋朝荣、秦佳铭、谭可儿,2000
歌组合,《明星反串闹新春》,田震、臧天朔、韦唯、尚长荣、李谷一、刘长瑜、佟铁鑫、王静、尹相杰、于文华,2000
歌舞,《大年三十》,温兆伦、伊杨、含笑、凯路、凯月、金彪、杨洋、方方、圆圆、吉林市歌舞团、珠海市劳动局艺术团,2000
戏曲,《地久天长百年好》,李洁、李佩虹、刘桂娟、赵秀君、于魁智、杨春霞、赵葆秀、孟广禄、耿巧云、管波、唐禾香、马帅、张火丁（柳国维表演）、史敏、李军,2000
小品,《钟点工》,赵本山、宋丹丹,2000
歌曲,《温情永远》,刘欢,2000
歌曲,《溜溜的她》,林心如、崔永元,2000
小品,《爱笑的女孩》,文兴宇、蔡明、句号,2000
联唱,《九九新歌》,唐平、陈震东、孙慧莹、慧子、朴树、谢雨欣（吕浪表演）、金海心,2000
歌曲,《家和万事兴》,郁钧、张也,2000
歌曲,《爱我中华》,景岗山、孙国庆、韩磊、江涛、郭蓉、朱军,2000
歌曲,《澳门 我带你回家》,梁咏琪、黄伟麟、周冰倩、蔡国庆,2000
小品,《小站故事》,黄宏、凌峰,2000
歌曲,《长江长》,董文华,2000
音乐剧,《笑一笑》,赵薇、林依轮、W.J、孙悦、陈婷婷、徐磊,2000
歌曲,《快乐2年》,黎明,2000
京剧,《四郎探母》,穆宇、赵晶,2000
微型短剧,《品茶》,赵忠祥、倪萍、黄宏,2000
歌曲,《西部狂想》,那英、解小东、幺红,2000
歌曲,《天地喜洋洋》,彭丽媛,2000
歌舞组合,①《开门红》②《你幸福我快乐》,汤灿、火风、鲍蓉、刘海波蒋雯丽、吴若甫、傅笛声、任静、周艳泓、孙浩,2000
歌曲,《红彤彤的春天》及何厚铧讲话,周艳泓、甘苹、谢雨欣、眉佳、张媛媛、王向云,2000
歌曲,《你好吗》,宋祖英,2000
小品,《青春之约》,郭达、孙涛、唐静、苏岩,2000
相声,《谈情说爱》,姜昆、戴志诚,2000
歌曲,①《甜蜜蜜》②《花好月圆》③《祝你好运》④《中国大团圆》⑤《今年喜事多》,肖雅、李煜、朱含芳谭晶、刘春梅、耿为好刘媛媛、张媛媛孙丽英、刘斌孙洁、王颖、张宁、杨洋、张晓芬、王莹、张妮、李含曦,2000
歌曲,《今生共相伴》,谢霆锋,2000
歌曲,《举杯吧，朋友》,阎维文、殷秀梅,2000
歌曲,《今宵久久》,祖海、吕薇、周芳,2000
诗朗诵,《等待钟声》,濮存昕、张懿婧,2000
歌曲,《龙禧千年》,陈瑶、李倩倩、陈真、王庆君、张娟、梁音、马晓晨、甄真,2000
歌曲,《今夜无眠》,王霞、廖昌永、李丹阳、吕继宏、张迈、屠梅华,2000
尾声,《难忘今宵》,全体演员,2000
歌舞,《今天真好》,孙悦、陈晓东、济南前卫歌舞团、南宁艺术剧院、北京星之海、内蒙小鸿雁、北京军乐学校、二炮军乐队,2001
歌曲,《越来越好》,宋祖英、南宁艺术剧院、内蒙小鸿雁,2001
小品,《红娘》,郭达、蔡明、刘桂娟、刘小梅、中国戏曲学院,2001
歌舞,歌舞 《快请我跳舞》歌舞 《世界多精彩》歌舞 《网络时代》,演唱：梦幻想、风组合演唱：动感男孩组合、舞蹈：济南前卫歌舞团演唱：青春美少女组合、神秘男孩组合、舞蹈：南宁市艺术剧院,2001
相声,《得寸进尺》,冯巩、郭东林、郭月,2001
歌舞,《好心情》,李玟、紫色舞蹈团,2001
动效剧,《过年我当家》,成方圆、小香玉艺术学校,2001
歌曲,《过年》,演唱：张媛媛、眉佳、陈新霓、张娟、杨洋、任真、舞蹈：济南前卫歌舞团,2001
相声,《踩脚》,姜昆、戴志诚,2001
民族对歌,《侗族大歌》《琴努里》《无字歌》《回家》《三朵花》《蒙古人》,演唱：贵州省黔东南黎平侗歌队表演：南宁市艺术剧院、济南军区前卫歌舞团演唱：哈孜肯、表演：阿凡提乐队演唱：斯琴格日乐演唱：彝人制造演唱组合拉姆措三姐妹腾格尔、合唱：蒙古族青年合唱团,2001
小品,《家有老爸》,黄宏、林永舰黑妹,2001
歌曲,《想起老妈妈》,演唱：于文华、郁钧剑、表演：南宁市艺术剧院,2001
歌曲,《好男儿》,韩磊、满江、江涛、舞蹈：济南前卫歌舞团,2001
相声,《戏迷》,刘俊杰、唐杰忠、伴奏：天津艺术学校乐队,2001
戏曲,《中华大戏真神奇》,所有戏曲团体及吉林省歌舞团,2001
歌曲,《选择你的爱》,郑伊健、章子怡,2001
小品,《动物运动会》,巩汉林、刘流,2001
青春放歌,《彩虹》《第三天》《二十年后再相会》,演唱：羽泉演唱：谢雨欣、领舞：姜华、王舸、郑绚、南宁市艺术剧院演唱：谷峰、倪睿思、容中尔甲、首都警官合唱团,2001
歌曲,《亲爱的中国 我爱你》,叶凡、钢琴演奏：李云迪、舞蹈：南宁市艺术剧院、济南前卫歌舞团、北京星之海艺术团,2001
相声,《咱也试一把》,笑林、王平、尹卓林、赵保乐,2001
歌曲,《大家一起来》,刘欢,2001
舞蹈,《飞舞迎春》,领舞：李倩、王迪、陈文、张志、张宇,2001
歌曲,《咱老百姓》,阎维文、吕继宏,2001
小品,《卖拐》,赵本山、高秀敏、范伟,2001
歌曲,《你的眼神》,蔡琴、老树皮乐队,2001
小品,《说声对不起》,句号、洪剑涛、唐静,2001
歌曲,《许下一个心愿》,刘媛媛、梦鸽,2001
歌曲,《盼团圆》,姜育恒,2001
杂技组合,《青春之约》,表演：中国杂技团、遵义市杂技团、舞蹈：訾沙莉,2001
歌曲,《花样年华》,梁朝伟、张曼玉,2001
小品,《三号楼长》,潘长江、黄晓娟、闫学晶、孙坤元,2001
歌曲,《江山颂》,演唱：彭丽媛、合唱：勋勋、张娜、周鹏、李响,2001
歌曲,《新康定情歌》,臧天朔、尹相杰、李琦、刘金山、刘惠,2001
器乐演奏,《快乐的节日》器乐演奏《天上人间》,演奏：红缨束女子打击乐团演奏：曾昭斌、冯晓泉,2001
歌曲,《为军营唱采》,演唱：张迈、刘斌、舞蹈：吉林市歌舞团,2001
歌曲,《世纪清晨》,那英、孙楠,2001
歌曲,《全家福》,王霞、张晓玲、戴玉强、佟铁鑫,2001
歌曲,《西部放歌》,王宏伟、红岩、陶红、马晓晨、王莹、易秒樱、谌蓉、刘爱玲、马雪琼、刘丹丽、王燕、李星、吾尔克孜,2001
难忘的歌,《共青团员之歌》《我们的田野》《马铃响玉鸟唱》《难忘今宵》,演唱：杨鸿基、蔡国庆、表演：老干部歌唱团、首都警官合唱团演唱：汤灿、朱砂、舞蹈：南宁市艺术剧院演唱：鲍蓉、耿为华、舞蹈：吉林市歌舞团、南宁市艺术剧院演唱：幺红、满文军、杭天琪、韦嘉、舞蹈：济南前卫歌舞团、南宁市艺术剧院,2001
开场歌舞,《和春天一起来》（北京、深圳）,全体主持人与周鹏、郭金、梦幻想、风组合,2002
歌曲,《风景这边独好》,宋祖英,2002
相声,《台上台下》,冯巩、郭冬临、陆鸣,2002
联唱,《名曲颂春》（北京、深圳）①《盼春》②《嬉春》③《咏春》④《报春》 ⑤《踏春》⑥《迎春》,群星满文军银河少年合唱团王燕、王丽、翟惠娟杨洪基及银河少年合唱团葛晓璐、王铎、张媛媛丁毅（深圳演唱并马队表演）,2002
小品,《花盆儿》（北京、深圳）,黄宏、张凯丽、巩汉林,2002
歌曲,《与世界联网》,解晓东、孙燕姿,2002
魔术,《百鸟朝凤》,周良铁、王月双、王月莲,2002
群口相声,《马年颂马》,侯跃文、石富宽、师胜杰、王平、刘流,2002
歌曲,《今年如此精彩》,陆毅、周迅、蝶组合、布丁果果组合,2002
组歌,《温馨时刻》①《记得当时年纪小》（上海APEC船上）②《踏雪寻梅》 （深圳）③《草原之夜》（北京）,孙道临、张瑞芳、秦怡等陈慧琳田震,2002
小品,《智力闯关》,王小丫、李咏、鞠萍、秦梦瑶、刘小源、王子腾,2002
音乐评书,《出门在外》,雪村,2002
小品,《卖车》,赵本山、高秀敏、范伟,2002
歌曲,《美丽新世界》（深圳）,王力宏、彝人制造、阿里郎组合（深圳演唱）,2002
杂技,《力量》,章功力、姚登波,2002
歌曲,《我家在中国》,祖海,2002
表演唱,《英语大家说》,李阳及众人,2002
相声,《妙趣网生》,姜昆、戴志诚,2002
歌曲,《知足常乐》,郁钧剑、张也,2002
联唱,《民歌新歌接力唱》①《在那东山顶上》（北京）②《美丽》（深圳）③《欢腾的小马驹》（北京）④《娜努湾情歌》（深圳）⑤《心想事成》（深圳）,谭晶艾斯卡尔、慷巴尔汗、古丽夏缇小香玉艺术学校刘媛媛、陈思思及高山族舞蹈汤灿、刘斌,2002
小品,《邻里之间》,牛群、蔡明、郭达,2002
歌曲,《左邻右舍》,吕继宏、张燕,2002
戏曲,《联欢竞唱“马字令”》（北京、深圳）,于魁智、李军、孟广禄、杨赤、赵葆秀、袁慧琴、李胜素、刘桂娟、李洁、赵秀君、耿巧云、李海燕,2002
歌曲,《朋友》,彭丽媛、女子十二乐坊,2002
军旅情景歌舞,《连队里过大年》,王宏伟,2002
小品,《圆梦》,魏积安、杨蕾、刘敏,2002
歌曲,《北京时间》,戴玉强、孙楠,2002
互动魔术,《燕子》、《阿拉木罕》,江桦,2002
歌曲,《新年好》,臧天朔、斯琴格日乐,2002
相声短剧,《谁怕贝勒爷》,金士杰、赵自强、倪敏然、李建常,2002
大型时装表演,《春又来》（深圳）,张咪、胡兵、胡东,2002
歌曲,《有人曾问我》（北京、深圳）,廖昌永、张迈、李琼,2002
歌曲,《中华全家福》,吕薇、梁音、吴海燕、李晖,2002
戏曲联唱,《马到成功》（深圳）,李洁、李海燕、耿巧云、赵秀君,2002
小品,《饮酒歌》（北京、深圳）,莫华伦、魏松、王霞、幺红,2002
联唱,《难忘今宵》（北京、深圳及三个单边传送点）,彭丽媛、赵本山、王宏伟、谭晶、姜昆、侯跃文全体演员合唱,2002
开场歌舞,《过大年》,,2003
群口相声,《十二生肖大拜年》,,2003
歌曲,《DV今晚》,解小东,2003
复合相声,《马路情歌》,冯巩、周涛,2003
歌曲,《美丽的心情》,宋祖英,2003
小品,《我和爸爸换角色》,郭冬临、阎妮、小叮当,2003
歌曲,《让爱住我家》,赵明、麦玮婷、赵丝弦、赵鼓瑟(一家),2003
相声,《今非昔比》,陈寒柏、王敏,2003
杂技,《化蝶》,魏葆华、吴正丹,2003
歌曲,《快乐的人请鼓掌》,张燕、陈思思,2003
小品,《足疗》,黄宏、牛莉、沈畅,2003
歌曲,《至少还有你》,林忆莲,2003
戏曲,《梨园闹新春》,张火丁(程派)、史敏(梅派)、赵葆秀(老旦)、于魁智(老生)、李军(老生)、孟广禄(花脸),2003
小品,《都是亲人》,郭达、蔡明、李文启、刘晓梅,2003
歌曲,《爱在天地间》,祖海,2003
歌曲,《大红绸子飘起来》,王非悦、叶凡杂技：惠陶英、王勇,2003
短剧,《激情依旧》,孙海英、吕丽萍、黄海波、陈丽娜、唐波、杨立山、孙卓、高伟、陈伟,2003
歌曲,《老前辈》,亚民、江涛、陈小涛,2003
歌曲,《妻子》,谭晶,2003
综艺表演,《吉祥送给您》,文清、刘流、罗京、徐俐、孙晓梅、鞠萍、屠洪纲、赵保乐、秦梦瑶、江涛,2003
歌曲,《动起来》,郭富城,2003
魔术,《梦幻天空》、《遁人》《扇舞新韵》《魔幻天空》,李宁、曲蕾、官静、华夏、龙华赵育莹红桃A组合,2003
歌曲,《温暖》,刘欢,2003
小品,《心病》,赵本山、高秀敏、范伟,2003
歌曲,《鲜花陪伴你》《美丽西部》,刘媛媛汤灿,2003
音乐剧,《不见不散》,林依轮、孙悦、尹相杰、白雪、佟铁鑫、王霞、李进、梦幻想组合,2003
相声,《说广告》,王振华、何军,2003
舞蹈,《狮舞东方》,张志、王迪、王亚彬,2003
歌曲,《欢聚一堂》,,2003
歌曲,《故土情》,王宏伟,2003
歌曲,《世纪春雨》,彭丽媛,2003
魔术,《丹尼斯梦幻》,,2003
歌曲,《风雨彩虹铿锵玫瑰》,田震,2003
歌曲,《欢聚》,刘和刚、马晓晨、吴春燕、李涵、孔太、王丽达、马一鸣,2003
歌曲,《大地春潮》,幺红、戴玉强,2003
少数民族组歌,《举起欢乐的酒杯》《阿里郎》《暖吉娅》《新疆好》《中华美中华亲》,索朗旺姆、容中尔甲、德西美朵、高原红组合阿里郎组合斯琴格日乐刘斌、古丽巴哈尔吐尔逊吕继宏、李丹阳,2003
歌曲,《好人好梦》,陈明、眉佳、黑鸭子演唱组,2003
青春歌曲,《感觉挺好》《创造奇迹》,许波、胡瑶、孙慧莹、孙洁天空女孩演唱组、青春美少女演唱组,2003
歌曲,《常来常往》,陈红、蔡国庆,2003
歌曲,《春夏秋冬又一年》,(通俗)刘海波、杨洋、孙笑一、徐洪(民族)易秒英、李晖、哈晖、刘春梅(戏曲)袁慧琴、刘桂娟、李佩红、李胜素,2003
尾声歌曲,《难忘今宵》,殷秀梅、郁钧剑,2003
开场歌舞,《祝福春天》,解晓东、梅婷、刘孜、黄奕、陈好,2004
群口相声,《十二生肖大拜年》,侯耀文、石富宽、刘亚津、刘俊杰、刘全刚、郑健、刘惠、李嘉存、陈寒柏、王敏、刘流、张大礼,2004
歌曲,《点击春天》,中国辣妹组合、绿宝贝组合、TG4组合、美眉组合,2004
相声短剧,《让一让，生活真美好》,冯巩、刘金山、李志强、周涛、朱军,2004
歌舞,《好运来》,祖海,2004
歌组合,《动物演唱会》,冬也苹、周岚、小罗、李佳,2004
阿根廷杂技表演,,海勒尔,2004
小品,《好人不打折》,郭冬临、郭达、杨蕾,2004
歌舞,《实心汉子》,韩磊、罗勋、高音,2004
小品,《讲故事》,严顺开、洪剑涛、小叮当,2004
歌曲,《天下父母心》,杨坤、谭晶,2004
杂技,《软钢丝》,张帆,2004
歌曲,《把握每个瞬间》,田震,2004
相声,《如此指导》,博林、卓林,2004
舞蹈,《俏花旦》,四川省歌舞剧院,2004
小品,《兄弟》,黄宏、程煜,2004
歌曲,《姐妹弟兄》,廖忠、辛宝儿、蓝沁、徐洋、冯瑞丽,2004
舞蹈,《踢踏风暴》,爱尔兰舞之魂舞蹈团,2004
歌舞,《唐人街》,沙宝亮、王珏、陈倩倩、眉佳,2004
小品,《都市外乡人》,巩汉林、韩再芬、柏青,2004
歌舞,《望月》,宋祖英,2004
歌舞,《情系人民》,汤灿,2004
歌曲,《我用歌声谢谢你》,马一鸣、吴春燕、马晓晨、诸海辰、易秒英、梁音,2004
音乐剧,《阳光健身房》,林依伦、马跃、谢雨欣、蒋勤勤,2004
小品,《送水工》,赵本山、范伟、高秀敏,2004
歌组合《祝福声声》,《开缸酒》《美好祝福》《好大一家人》,张燕、吕薇刘媛媛隋一宁,2004
小品,《婚礼》,蔡明、英壮、李咏、王晴、李恺悦,2004
戏曲,《万紫千红梨园早》,于魁智、李胜素、张火丁、孟广禄、杨赤,2004
歌组合,《温暖》《龙拳》《外面的世界》,赵薇、阿杜、周杰伦、李菲、齐秦、莫文蔚,2004
歌舞,《变脸》,陈小涛、耿为华、刘和刚,2004
歌舞,《老王》,李琼、亚东,2004
歌舞,《江山》,彭丽媛,2004
魔术,《幻影》,李宁、曲蕾、宫静,2004
戏曲,《金猴闹春》,,2004
零点仪式,《飞天英雄红旗颂》,杨利伟,2004
歌组合,《迎春放歌》,金海心、阿里郎组合、索朗旺姆、阿佳组合、斯琴格日勒、爱艺斯组合、艾尔肯、天山雪莲组合、阿木、山鹰组合,2004
歌舞,《你幸福·我祝福》,吕继宏,2004
歌曲及服饰表演,《共享幸福》,王霞、魏松、王静、金永哲,2004
歌曲,《难忘今宵》,魏瑛侠、陈霜、杨小琳、王莉、王非、曹怡然,2004
开场歌舞,《盛世大联欢》,朱军、周涛、李咏、董卿、耿为华、哈晖、陈小涛、李晖、地方台主持人32人,2005
歌曲,《恭喜发财》,刘德华,2005
相声,《咨询热线》,李伟健、武宾,2005
歌曲,《飞》,宋祖英,2005
小品,《祝寿》,魏积安、刘小梅、黄晓娟、孙涛、宋宁、小叮当,2005
民族歌舞,《争奇斗艳--民族风》,鼓舞木屐踢踏舞弦子舞山歌年年唱春光旋舞长鼓舞筷子舞,2005
小品,《装修》,黄宏、巩汉林、林勇健,2005
舞蹈,《千手观音》,中国残疾人艺术团,2005
歌曲,《手心手背》,冯晓泉、曾格格,2005
小品,《男子汉大丈夫》,郭冬临、牛莉、李根,2005
歌曲,《邻里之间》,眉佳、蔡国庆、王静、杨洪基,2005
武术歌舞,《壮志凌云》,成龙,2005
小品,《魔力奥运》,邹德江、潘长江、刘亚津、陈寒柏、王志伟、傅琰东、汪燕飞、奥运冠军、中国女排等九人,2005
《争奇斗艳-流行风》联唱,《要强》《再见卡门》《老鼠爱大米》《一生有你》《爱情三十六计》,房祖名阿朵杨臣刚、水木年华蔡依林,2005
杂技,《十三人顶碗》,中国杂技团,2005
歌舞,《四季奏鸣曲》联唱,张燕、祖海、陈思思、汤灿,2005
小品,《浪漫的事》,郭达、蔡明、韩影、于恒,2005
歌曲,《爱的阳光》,那英,2005
歌曲,《梦圆》,彭丽媛,2005
歌曲,《天路》,韩红,2005
情景相声,《笑谈人生》,冯巩、朱军、蔡明,2005
歌曲,《回家的人》,满文军,2005
戏曲,《守岁大观园》,马金凤、高秀敏、刘桂娟、马兰、单仰萍、孟广禄,2005
歌曲,《挥着翅膀的女孩》,容祖儿、魏思佳、谢风,2005
小品,《功夫》,赵本山、范伟、蔡维利、王小虎,2005
舞蹈,《年年有余》,赵丽萍、四川省歌舞剧院、江苏省歌舞剧院,2005
小品,《汇报咏叹调》,许晓明、魏真柏、朱丹萍,2005
歌曲,《载歌载舞》,隋一宁、王宏伟、北京二中,2005
歌曲,《为祖国守岁》,阎维文、吕继宏、佟铁鑫,2005
歌曲,《平安中国》,胡雁、廖昌永、地方台32名主持人,2005
大联唱,《闻鸡起舞--请茶祝酒拜大年》,魏金栋、梦鸽、游晴、胡圆飞、吴春燕、马小晨、曾小燕、艾尔肯、天山雪莲组合、李琼、蚂蚁组合、斯琴格日勒、王莉、霍勇,2005
歌曲,《彩铃声声贺新春》,孙悦、北京二中、八拍组合,2005
群口相声,《鸡年说鸡》,侯跃文、石富宽、郑健、李嘉存,2005
歌曲,《越爱越美丽》,罗中旭、柏文,2005
歌曲,《那个士兵真好》,张迈、白雪、刘一祯,2005
小品,《明日之星》,李咏、魏三、孙小宝、模特两人,2005
联唱,《争奇斗艳--花对花》,鲍蓉、陈莉莉、王丽达、高音、严当当、郑蓉、麦穗、刘媛媛、王霞,2005
歌曲尾声,《盛世钟声》《难忘今宵》,郁钧剑、沙宝亮、刘斌、殷秀梅、地方台32名主持人、中央台主持人、全体参演演员,2005
开场歌舞,《礼赞春天》,,2006
歌曲,《百家姓》,满文军、谢霆锋(香港)、庾澄庆（台湾）、李菲(澳门),2006
化妆相声,《跟着媳妇当保姆》,冯巩、朱军、牛莉,2006
舞蹈,《俏夕阳》,唐山市社区表演队,2006
小品,《马大姐外传》,蔡明、郭达、岳秀清,2006
歌曲,《草原上升起不落的太阳》,吴雁泽、戴玉强、、阿宝,2006
舞蹈,《响亮节拍》,吉林市歌舞团、武汉电信、内蒙古军区文工团,2006
小品,《招聘》,周锦堂、余信杰、尹北琛、田克兢,2006
歌曲,《五福临门》,宋祖英,2006
相声,《谁让你是优秀》,大兵、赵卫国,2006
歌曲,《吉祥三宝》,布仁巴雅尔、乌日娜、英格玛,2006
歌曲,《你是我的玫瑰花》《一千年以后》《完美世界》《见习爱神》,庞龙林俊杰水木年华Twins,2006
小品,《打工幼儿园》,牛群、刘小梅、闫学晶,2006
歌曲,《我爱唱歌》,佟铁鑫、胡雁、霍勇、冯瑞丽、王莉,2006
舞蹈,《剪纸姑娘》,北京军区战友文工团,2006
小品,《邻居》,黄宏、巩汉林、林永健、刘亚津,2006
歌曲《燃情金曲》,《在那桃花盛开的地方》《映山红》《花儿为什么这样红》《山歌好比春江水》,蒋大为、刘和刚邓玉华、蔡国庆、刘媛媛克里木、吕薇黄婉秋、麦穗、陈莉莉、谌蓉,2006
杂技,《追·炫》,沈阳军区前进杂技团,2006
小品,《实诚人》,郭冬临、魏积安、黄晓娟,2006
舞蹈,《岁寒三友--松、竹、梅》,谭元元、杨丽萍、刘岩,2006
歌曲,《飞雪迎春》,彭丽媛,2006
小品,《说事儿》,赵本山、宋丹丹、崔永元,2006
歌曲,《班长告诉我》,吕继宏、刘斌,2006
钢琴演奏,《翻身的日子＋我的祖国》,郎朗,2006
相声,《新说绕口令》,刘增锴、朱德刚,2006
歌曲,《万家欢乐》,阎维文、殷秀梅,2006
歌曲,《年夜饭》,张也、王宏伟,2006
小品,《粑耳朵》,张德亮、赵亮、张玺,2006
戏曲联唱,《新五女拜寿》,李长春、潘长江、于魁智、李胜素、袁慧琴等,2006
接力唱《春之声》,《春天在哪里》《春之歌》《野百合也有春天》《春天里花园多美丽》《春之声圆舞曲》,邓蓉、曾小燕、皓天、廖忠严当当、马晓晨、吴春燕魏英侠、王庆爽、游晴吴文璟、晏菲、李涵、子祺王铁刚、尤泓斐,2006
结束曲,《难忘今宵》,廖昌永、关牧村、莫华伦、王莹,2006
开场歌舞,《花开中国年》,陈莉莉、严当当、谌蓉、马一鸣,2007
歌曲《欢乐和谐·民族情》,藏族敬酒歌朝鲜族敬酒歌彝族敬酒歌维吾尔族敬酒歌蒙古族敬酒歌苗族敬酒歌,香格里拉组合卞英花李怀秀、李怀福、新稻子组合阿尔法齐峰阿幼朵、朵蝶朵阿组合,2007
相声,《咱村里的事》,冯巩、李志强,2007
歌组合《欢乐和谐·流行色一》,《桃花朵朵开》《竹林风》《今天你要嫁给我》,阿牛（马来西亚）韩雪陶喆、蔡依林（台湾原住民）,2007
相声,《免费电话》,李金斗、大兵、赵卫国,2007
歌曲,《和谐乐章》,宋祖英,2007
杂技,《俏花旦》,中国杂技团,2007
小品,《送礼》,郭达、蔡明、句号、王晴,2007
联唱《欢乐和谐·家乡美》,《众手浇开幸福花》《九九艳阳天》《雪莲献北京》《马铃儿响来玉鸟儿唱》,马玉涛、郁钧剑、王莹李光羲、蔡国庆、李丹阳、王丽达才旦卓玛、宗庸卓玛、茸芭莘娜胡松华、刘媛媛,2007
舞蹈,《小城雨巷》,南京军区前线歌舞团,2007
小品,《将爱情进行到底》,潘长江、金玉婷,2007
歌曲,《老婆老公我爱你》,火风、庞龙、姚贝娜、刘岚,2007
小品,《考验》,黄宏、牛莉、雷恪生,2007
歌曲,《在那遥远的地方》,韩红、郝歌,2007
少儿情景歌舞,《阳光下的花朵》,海娃艺术团,2007
歌舞《欢乐和谐·四季风》,春夏秋冬,成都军区战旗文工团大连市艺术学校、吉林歌舞团广东省民族歌舞团中央民族歌舞团,2007
歌组合《欢乐和谐·流行色二》,《隐形的翅膀》《越唱越强》,张韶涵容祖儿（香港）,2007
武术,《行云流水》,王亚彬、国家集训队、河南塔沟武术学校,2007
小品,《回家》,郭冬临、邵峰,2007
舞蹈,《飞弦踏春》,西藏自治区拉孜县农民艺术团,2007
相声,《我惯着他》,赵炎、周伟,2007
联唱《欢乐和谐·军旅魂》,《我爱这蓝色的海洋》《打靶归来》《我爱祖国的蓝天》,霍勇、吕薇刘斌、陈思思佟铁鑫、王莉,2007
舞蹈,《进城》,东北师范大学,2007
朗诵,《心里话》,北京海淀行知实验学校,2007
歌曲,《万家灯火》,廖昌勇、张也、谭晶,2007
小品,《策划》,赵本山、宋丹丹、牛群,2007
歌曲,《报答》,彭丽媛,2007
小品,《假话真情》,严顺开、林永健、刘小梅、刘桂娟,2007
歌曲,《孝敬父母》,吕继宏、张燕、王宏伟、刘一桢,2007
联唱《欢乐和谐·好光景》,《回娘家》《扒根芦柴花》《献花》《太阳出来喜洋洋》,梦歌、魏金栋、刘和刚、雷佳高畅、马晓晨耿卫华、陈小涛师鹏、亚民,2007
戏曲,《天上人间共和谐》,于魁智、朱世慧、何赛飞,2007
联唱《欢乐和谐·闹新春》,《祝愿歌》《我多想》《爱的奉献》《思念》《今儿高兴》,马薇、耿宁金波、浩天赵青水木年华熊汝霖、海明威,2007
歌舞,《难忘今宵》,李谷一,2007
开场歌舞,《飞向春天》,王亚彬、雷佳,2008
歌曲,《中华全家福》,江涛、吕薇、林依轮、汤灿,2008
小品,《街头卫士》,句号、韩雪、周炜,2008
歌曲,《田野的春天》,宋祖英,2008
杂技,《激情爬杆》,宣武区北京杂技团,2008
小品,《梦幻家园》,蔡明、王平、郭达,2008
歌曲,《天女散花》,章子怡,2008
相声,《疯狂股迷》,武宾、李伟健,2008
歌曲,《中国话》,S.H.E,2008
小品,《军嫂上岛》,孙涛、黄晓娟、金玉婷、尹北琛,2008
歌曲,《亲爱的人》,张燕、阎维文,2008
赈灾环节2008年中国雪灾,诗朗诵《温暖28》,主持人、众影视明星,2008
歌曲,《大雪无情人有情》,韦唯、白雪、韩磊、廖昌永,2008
相声剧,《公交协奏曲》,冯巩、阎学晶、王宝强,2008
歌曲,《农民工之歌》,王宝强等,2008
手影戏,《逗趣》,焦建中、石磊,2008
舞蹈,《飞天》,广州军区政治部战士文工团,2008
小品,《新闻人物》,郭冬临、周涛,2008
歌曲,《千里之外》,费玉清、,2008
杂技,《花式篮球》,沈阳军区前进杂技团,2008
老歌联唱,《盘歌》《逛新城》《你送我一枝玫瑰花》《我从草原来》《红太阳照边疆》《在一起》,祖海、黄婉秋才旦卓玛、蔡国庆克里木、陈思思德德玛、五彩传说郁钧剑、蒋大为刘一帧、陈莉莉、严当当、廖忠、亚民、师鹏,2008
小品,《开锁》,黄宏、巩汉林、董卿、林永健,2008
朗诵,《百年圆梦》（北京奥运会）,刘澄宇、10个运动员代表,2008
歌曲,《中国大舞台》,殷秀梅,2008
小品,《火炬手》,赵本山、宋丹丹、刘流,2008
戏曲联唱《姹紫嫣红》,京剧《杨门女将》豫剧《大登殿》越剧《红楼梦》京剧《坐宫》,王艳李树建萧雅、华怡青于魁智、李胜素,2008
歌曲,《和谐大家园》,谭晶、吕继宏、张也,2008
中华武术,,河南少林塔沟武术学校,2008
歌曲联唱《点击时尚》,《啷咯情歌》《我们都是一家人》《月亮之上》《天天向上》,庞龙张澜澜凤凰传奇黄圣依、梁咏琪（香港）,2008
歌曲,《青花瓷》,周杰伦、,2008
歌曲,《喜事多》,鲍蓉、高畅、梁音、吴春燕,2008
歌曲,《拉二胡》,刘和刚、耿为华、陈小涛、乔军,2008
歌曲,《难忘今宵》,王霞、王莉、王莹、佟铁鑫、霍勇、钟丽燕,2008
舞蹈,《中华大联欢》,吉林市歌舞团、珠海华发艺术团、珠海汉胜艺术团、海南三亚警官艺术团、南京歌舞团、河南登封少林塔沟武术学校,2009
民俗歌舞,《春节好》,解小东、孙悦、吕薇、林依轮,2009
相声,《我有点晕》,姜昆、戴志诚,2009
多媒体舞蹈,《城市变奏曲》,张荪、吉林市歌舞团、天津歌舞剧院芭蕾舞团、舞++舞、DRAGON、TSTYLE,2009
群口相声,《团团圆圆》,李伟健（香港）、武宾（内地），樊光耀、朱德刚（台湾）、董卿,2009
人偶歌舞,《森林舞会》,黄圣依,2009
歌曲,《本草纲目》,周杰伦、宋祖英,2009
歌舞,《送你一朵东方茉莉》,宋祖英,2009
小品,《吉祥三宝》,孙涛、邵峰、徐囡楠,2009
舞蹈,《蝶恋花》,孙锐、天津歌舞剧院芭蕾舞团、南京歌舞团、珠海华发艺术团,2009
群口相声,《五官新说》,刘伟、郑健、马东、大山、周炜,2009
武术,《功夫世家》,陈国坤、河南登峰少林塔沟武术学校,2009
抗震救灾歌舞,《天地吉祥》,四川民族歌舞团,2009
联唱,《超越梦想》,吕继宏、王宏伟、马广福、刘仁喜,2009
小品,《黄豆黄》,黄宏、巩汉林,2009
歌舞,《站起来》,成龙（香港）、陈奕迅（香港）、容祖儿（香港）、谭晶,2009
小品,《水下除夕夜》,尚大庆、范雷、杨大鹏、王红波、金洋、胡洋、侯世甲,2009
歌曲,《天之大》,毛阿敏,2009
小品,《北京欢迎你》,郭达、蔡明,2009
歌舞,《祖国颂》,张也,2009
歌舞,《大河之舞》片段,爱尔兰踢踏舞团,2009
小品,《暖冬》,冯巩、金玉婷,2009
杂技,《抖杠》,上海杂技团,2009
魔术,《魔手神彩》,刘谦,2009
民俗舞蹈,《山乡春来早》,土苗兄妹组合、毕卡兹组合,2009
小品,《不差钱》,赵本山、毕福剑、小沈阳,2009
歌曲,《爱的天空》《山河听我说》《感谢亲人》《满园春》,汤灿、蔡国庆祖海、佟铁鑫陈思思、刘和刚张燕、蒋大为,2009
歌舞,《神州共举杯》,戴玉强,2009
舞蹈,《圆·中华大团圆》,王亚彬、吉林市歌舞团,2009
歌曲,《中国之最》,斯琴格日乐、徐子崴、廖昌永、冯瑞丽,2009
戏曲,《锦绣梨园》,袁慧琴、孟广禄、肖雅、周媛媛、张辉、李树建、李胜素、丁晓君、张馨月、于魁智、马力、韩胜存,2009
歌曲串烧,《真心英雄》《亲亲我的宝贝》《童年》《爱的初体验》《出发》,李宗盛、周华健、罗大佑、张震岳（台湾原住民）,2009
歌曲,《谁不说俺家乡好》《长江之歌》《东方之珠》《年轻的朋友来相会》《滚滚长江东似水》《在希望的田野上》,梦鸽、姚贝娜、严当当、王庆爽霍勇、王红星、胡雁、钟丽燕曹芙嘉、师鹏魏金栋、王非非、廖忠、禇海晨杨洪基、张海庆高音,2009
歌曲,《难忘今宵》,刘斌、雷佳、吴娜、王丽达、李辉、全体演员,2009
开场歌舞,《虎跃龙腾贺春来》,300名舞蹈演员,2010
相声,《不能让他走》,冯巩、刘金山、邵峰、闫学晶、韩雪,2010
歌曲,《让我们舞起来》,宋祖英,2010
小品,《一句话的事儿》,郭冬临、牛莉、刘鉴,2010
歌曲,《相亲相爱》,孙楠、容祖儿（香港）、王力宏、余翠芝,2010
舞蹈,《玩具店之夜》,河南开封蓓蕾少儿艺术学校,2010
相声,《和谁说相声》,姜昆、戴志诚、赵津生,2010
舞蹈,《荷塘莲语》,纪家萱,2010
小品,《美丽的尴尬》,黄宏、巩汉林、林永健、金玉婷,2010
歌曲,《传奇》,王菲（香港）,2010
小品,《我心飞翔》,殷桃、闫妮、刘敏、柴权、刘思言、陈维涵,2010
歌曲,《祖国万岁》,韩磊、雷佳,2010
民族歌舞大串联,《壮乡美》《我和草原有个约会》《卓玛》《妹妹的山丹花儿开》《幸福生活亚克西》,陈春燕、雷滢齐峰、东方神骏组合香格里拉组合马忠华、撒丽娜和田地区歌舞团、维族儿童,2010
小品,《五十块钱》,周锦堂、尹北琛、李铁,2010
歌曲 《再聚首》,《蝴蝶飞呀》《爱》《青苹果乐园》,吴奇隆、苏有朋、、陈志朋,2010
魔术,《千变万化》,刘谦、、董卿,2010
舞蹈,《跳春》,虾嘎、苟婵婵,2010
小品,《家有毕业生》,蔡明、郭达、郭笑、黄杨,2010
歌曲,《幸福》,张也、吕继宏,2010
舞蹈,《追梦》,万盛、董华兴、苏鹏、孙科、高建、黎星,2010
歌曲,《微笑》,毛阿敏,2010
杂技,《试比天高》,山东省杂技团,2010
歌曲,《龙文》,谭晶、陈奕迅（香港）,2010
戏曲,《红楼赞花》,于魁智、、李胜素、孟广禄、、袁慧琴、、何赛飞,2010
小品,《捐助》,赵本山、小沈阳、王小利、孙立荣、于洋,2010
歌曲,《拍拍拍》,解晓东、蔡国庆、王丽、吴娜,2010
歌曲,《阳光路上》,阎维文,2010
经典歌曲集,《我们和祖国一起长大》《让我们荡起双桨》《快乐的节日》《春天在哪里》《在灿烂的阳光下》,儿童、胡松华、李谷一、蒋大为霍勇、屠洪刚、李丹阳薛浩垠、王莉、刘和刚、常思思李木子、林妙可、豆豆,2010
歌曲,《走向复兴》,戴玉强、殷秀梅,2010
歌曲,《盛世欢歌》,郁钧剑、张燕、陈思思,2010
相声,《大话捧逗》,贾玲、白凯南,2010
歌曲组合,《一亩田》 《婚礼上的歌》 《幸福的两口子》,汤潮、严当当汤子星、刘一祯、庞龙、吕薇,2010
舞武,《对弈》,王亚彬等110个演员,2010
歌曲组合,《彩云之南》《姑娘我爱你》《天蓝蓝》,徐千雅、索朗扎西、凤凰传奇,2010
相声,《超级大卖场》,李伟健（香港）、武宾,2010
歌曲,《我要歌唱》,师鹏、熊汝霖、姚贝娜、王澜霏,2010
歌曲,《春天的芭蕾》,王莹、幺红,2010
尾曲,《难忘今宵》,关牧村、佟铁鑫,2010
歌舞,《回家过年》,董洁、韩庚、殷桃、周冬雨、窦骁,2011
歌曲,《天蓝蓝》,宋祖英、贵州省黔东南州侗族大歌队,2011
相声,《专家指导》,姜昆、戴志诚、郑健、周炜、李伟健（香港）,2011
小品,《午夜电话亭》,李小冉、邵峰,2011
民族歌舞《幸福大家庭》,蒙古族《吉祥颂》回族《数花》壮族《美丽的姑娘》维族《刀郎麦西来甫》藏族《欢歌起舞》,安达组合、内蒙古民族歌舞剧院；宁夏歌舞团；广西艺术学院舞蹈学院；新疆艺术剧院歌舞团；西藏山南地区扎囊县农牧民演员、西藏日喀则地区民族艺术团,2011
小品,《美好时代》,黄海波、海清,2011
杂技,《晃管》,铁路杂技团,2011
儿童歌舞剧,《爱我就抱抱我》,仔仔、豆豆、林妙可、严梓瑞、小宝、空军蓝天幼儿园艺术团,2011
小品,《“聪明”丈夫》,黄宏、陈数、孙涛、凯丽,2011
魔术,《年年有鱼》,傅琰东、董卿,2011
歌曲《我要上春晚》,《想家》《春天里》,任月丽、旭日阳刚,2011
杂技相声,《独家录制》,李菁、何云伟,2011
歌曲,《兰亭序》,周杰伦、林志玲,2011
魔术,《穿越》,丁建中、林志玲、刘婷婷,2011
小品,《还钱》,冯巩、牛莉、宋佳、刘金山,2011
戏曲,《薪火相传梨园美》,于魁智、李胜素、孟广禄、袁慧琴、李树建、何赛飞、张欣怡、沈天梓、王奕蔺,2011
相声,《四海之内皆兄弟》,大山、艾迪、夏天、李天翼、梅友、茹丝,2011
小品,《新房》,蔡明、刘威、宋阳、徐囡楠,2011
杂技,《高车踢碗》,沈阳军区前进杂技团,2011
小品,《同桌的你》,赵本山、王小利、李琳、小沈阳,2011
小品,《非常1+1》,李咏、金琳琳、邓雯心,2011
歌曲,《众里寻你》,韩红,2011
歌曲,《旗帜更鲜艳》,谭晶,2011
歌舞,《幸福赞歌》,张也、阎维文,2011
相声,《芝麻开门》,贾玲、白凯南,2011
歌曲,《今夜北方飘着雪花》,蔡国庆、江涛、吕继宏、佟铁鑫,2011
歌舞,《因为有你》,祖海、汤灿、王丽达、常思思,2011
歌曲《新民乐组合》,《康定情歌》《青春舞曲》《阿诗玛》,容祖儿（香港）、古巨基（香港）、玖月奇迹、郑钧、吴彤,2011
相声,《一对一》,刘颖、浩楠,2011
歌舞新势力,《爱爱爱》《向往》《收藏》《我是火焰》,方大同（香港）、李健、萧敬腾（台湾原住民）,2011
歌曲,《家在心里》,雷佳、师鹏、吴娜、徐子崴,2011
歌曲,《难忘今宵》,李谷一、王莉、张大伟、张妮、薛皓垠,2011
开场,童谣,邓鸣贺,2012
联曲《东西南北大拜年》,《欢乐中国年》 《闹秧歌》 《小拜年》 《采茶舞曲》 《祝福你》,李谷一、王珞丹、冯绍峰、蔡卓妍（香港）、主持人、胡宝善、胡军一家、胡海泉一家、陈羽凡、白百何夫妇、沙溢、胡可夫妇、张卫健（香港）、张茜夫妇,2012
绛州鼓乐,《鼓韵龙腾》,山西绛州鼓乐团河南登封少林塔沟武术学校,2012
群口相声,《小合唱》,周炜、佟铁鑫、吕继宏、王宏伟、刘和刚,2012
创意钢琴+歌曲,《金蛇狂舞》+ 《龙的传人》,王力宏、李云迪,2012
歌曲,《万物生》,萨顶顶,2012
小品,《天网恢恢》,蔡明、王宁、常远、郭丰周,2012
舞蹈,《龙凤呈祥》,李倩、张傲月,2012
短片,《回家过年》,,2012
歌曲,《好久没回家》,陈坤,2012
歌曲,《叫一声爸妈》,宋祖英,2012
小品,《荆轲刺秦》,黄宏、邵峰、沙溢,2012
杂技,《空山竹语》,李振宇、左朝峰、袁飞,2012
民族歌舞,《追爱》,雷佳、沙呷俊楠、湖南魅力湘西歌舞团、中国邮政艺术团,2012
小品,《今天的幸福》,沈腾、黄杨、艾伦,2012
歌曲,《因为爱情》,王菲（香港）、陈奕迅（香港）,2012
魔术,《幻镜》,刘谦,2012
现代芭蕾,《天鹅湖》,俄罗斯TODES舞团,2012
相声剧,《爱的代驾》,冯巩、牛莉、闫学晶,2012
歌曲,《把幸福给你》,孙楠,2012
小品,《面试》,郭冬临、魏积安、傅浚琪、何军,2012
戏曲,《戏迷一家亲》,刘佩琦、李明启、高长志、张杰、李沛泽、李泽林,2012
相声,《奋斗》,曹云金、刘云天,2012
歌曲,《新贵妃醉酒》,李玉刚,2012
短片,《春晚记忆》,,2012
联曲《致敬30年》,《冬天里的一把火》 《故乡的云》 《爱的奉献》 《常回家看看》 《前门情思大碗茶》 《我的中国心》,金美儿、费翔、韦唯、吴秀波、蔡国庆、王珞丹、李谷一、张明敏,2012
舞蹈,《雀之恋》,杨丽萍、王迪,2012
歌曲,《大爱》,刘欢,2012
歌曲,《我要回家》,朱之文,2012
舞蹈,《老妈妈》,四川广元老妈妈艺术团,2012
歌曲,《好人就在身边》,谭晶,2012
歌曲,《远方的家》,张也,2012
歌舞,《中国美》,玖月奇迹、玉米提、万玛尖措、薛一村子、赛娜、柴森森、李杨、苏宁,2012
创意儿童节目,《除夕的传说》,韩庚,2012
儿童节目,《玩具总动员》,哈尔滨工业大学机器人创新基地,2012
舞蹈,《舞动冰凌》,吉林省歌舞团,2012
歌曲,《思乡曲》,蒋大为,2012
舞蹈,《眷恋》,胡启志,2012
歌曲,《天下一家》,王莉、廖昌永,2012
开场联唱,《欢歌庆新春》,中央电视台48位主持人（鞠萍、张斌、刘建宏、张蕾、张泉灵、郎永淳、康辉、季小军、王小丫、张羽、和晶、徐俐、涂经纬、涂紫凝、周洲、小鹿、月亮、小时、阳光、欧阳夏丹、任鲁豫、张腾岳、杜悦、红果果、徐柳、陈怡、赵一天、黄炜、金豆、芝麻、绿泡泡、毛毛虫、朱军、李咏、董卿、撒贝宁、毕福剑、李思思、管彤、张泽群、芮成钢、王小骞、小尼、朱迅、马跃、杨帆、韩乔生等）,2013
歌曲,《中国味道》,凤凰传奇,2013
歌曲,《十二生肖》,王力宏,2013
小品,《我要上春晚》,周炜、刘大成、石头、张尧、张玉娇、丁德龙、张学敏、孙朝阳,2013
创意器乐演奏,《琴筝和鸣》,雅尼、常静,2013
小品,《想跳就跳》,蔡明、潘长江、郭丰周,2013
歌曲,《春暖花开》,那英,2013
创意儿童节目,《剪花花》,邓鸣贺、邓鸣璐、中国舞蹈家协会南方舞蹈学校,2013
相声,《这事儿不赖我》,曹云金、刘云天,2013
歌曲,《茉莉花》,宋祖英、席琳·迪翁（美国）,2013
歌曲,《我心永恒》,席琳·迪翁（美国）,2013
小品,《大城小事》,王宁、常远、艾伦,2013
歌曲,《嫦娥》,李玉刚、景海鹏、刘旺、刘洋,2013
歌曲,《抱喜》,陈慧琳（香港）,2013
歌曲,《甲板上的马头琴》,王宏伟,2013
武术,《少年中国》,赵文卓、范龙飞、侯英岗,2013
小品,《你摊上事儿了》,秦海璐、孙涛、方清平、王茜华,2013
杂技,《冰与火》,赵丽、张权,2013
歌曲,《一辈子朋友》,杨坤、张靓颖,2013
小品,《今天的幸福2》,沈腾、玛丽、杜晓宇、王琦,2013
歌曲,《幸福》,毛阿敏,2013
魔术,《魔琴》,刘谦、李云迪,2013
歌曲联唱,《直通春晚》,《山路十八弯》：阿普萨萨、《我是一只小小鸟》：许艺娜、《我爱你中国》：平安,2013
土耳其风情舞蹈,《火》,土耳其火舞舞蹈团,2013
歌曲,《风吹麦浪》,孙俪、李健,2013
歌曲,《净土》,孙楠,2013
歌曲串烧,《留声212》,《滴答》：李晨、侃侃、《我的歌声里》：杜淳、曲婉婷,2013
创意乐舞,《指尖与足尖》,郎朗、侯宏澜,2013
相声,《败家子》,郭德纲、于谦,2013
京剧,《迎来春色换人间》,于魁智、托马斯,2013
歌曲,《给我你的爱》,林宥嘉、张杰,2013
歌曲,《我爱你中国》,汪峰,2013
歌曲,《家人》,谭晶,2013
歌曲,《美丽中国》,沙宝亮、徐千雅,2013
歌曲,《中国范儿》,玖月奇迹,2013
相声,《东西南北大拜年》,赵炎、逗笑、逗乐、大新、程刚、张钢、张华伟、张攀、刘铨淼,2013
相声剧,《搭把手不孤单》,冯巩、郭冬临、阎学晶,2013
歌曲,《Super Shero》,S.H.E,2013
歌曲,《冬天里的一把火》,吴克群、《梦想合唱团》宁波队,2013
歌曲,《难忘今宵》,李谷一、张英席、白丽莎、茹丝、李天翼、吴孟天,2013
开场歌曲,《想你的365天》,李玟、张靓颖、沙宝亮、林志炫,2014
歌舞,《欢歌》,《直通春晚》，选送单位：宁夏广播电视局、青海省广播电视局、新疆维吾尔自治区广播电影电视局,2014
歌曲,《群发的我不回》,郝云,2014
小品,《扰民了你》,蔡明、华少（胡乔华）、大鹏（董成鹏）、岳云鹏、穆雪峰,2014
舞蹈,《万马奔腾》,,2014
歌曲,《时间都去哪儿了》,王铮亮，《我要上春晚》,2014
歌曲,《我的要求不算高》,黄渤,2014
小品,《扶不扶》,沈腾、马丽、杜晓宇,2014
歌曲,《倍儿爽》,大张伟,2014
创意武术,《剑心书韵》,成龙（香港）、王巍堡、山东省莱州中华武校,2014
歌曲,《最好的夜晚》,梁家辉（香港）、陈慧琳（香港）,2014
腹语,《空空拜年》,刘成，《我要上春晚》,2014
歌曲,《张灯结彩》,阿宝、王二妮,2014
歌舞《英雄组歌》,《练兵舞》 《万泉河水》 《英雄赞歌》,选自芭蕾舞剧《红色娘子军》，中央芭蕾舞团、孙楠、王芳、总政歌舞团,2014
歌舞,《光荣与梦想》,总政歌舞团,2014
创意舞蹈,《符号中国》,匈牙利Attraction舞团,2014
歌曲,《玫瑰人生》,刘欢、苏菲·玛索(Sophie、Marceau，?法国),2014
相声,《说你什么好》,曹云金、刘云天,2014
舞蹈,《小马欢腾》,麒麟BABY、俞志婷、连浩琛、空军蓝天幼儿艺术团等,2014
京剧,《同光十三绝》,李胜素、王艳、迟小秋、张佳春、李博、王越、袁慧琴、杜喆、于魁智、国家京剧院一团,2014
小品,《我就这么个人》,冯巩、曹随峰、蒋诗萌,2014
歌曲,《情非得已》,庾澄庆、李敏镐(Lee、Min、Ho，?大韩民国),2014
创意形体秀,《魔幻三兄弟》,何子君、王元虎、李依洋,2014
魔术,《团圆饭》,yif（王元丰）,2014
歌曲,《答案》,杨坤、郭采洁,2014
小品,《人到礼到》,郭冬临、牛莉、邵峰,2014
杂技,《梦蝶》,《直通春晚》，选送单位：广东省新闻出版广电局,2014
歌曲,《老阿姨》,韩磊,2014
舞蹈,《百花争妍》,李倩、林晨,2014
创意乐器,《野蜂飞舞》,郎朗、魔杰二人组、雪儿，《星光大道》,2014
歌曲,《我的中国梦》,张明敏,2014
歌曲,《天下黄河九十九道弯》,王向荣、杜朋朋,2014
歌曲,《套马杆》,乌兰图雅、乌日娜,2014
歌曲,《卷珠帘》,霍尊，《中国好歌曲》,2014
歌曲,《站在高岗上》,汪小敏，《直通春晚》，选送单位：广西壮族自治区广播电影电视局广西卫视《一声所爱大地飞歌》,2014
歌曲,《在那遥远的地方》,华晨宇，《直通春晚》，选送单位：湖南省广播电影电视局湖南卫视《快乐男声》,2014
歌曲,《康定情歌》,肖懿航，《直通春晚》，选送单位：北京市广播电影电视局北京卫视《最美和声》,2014
歌曲,《青春舞曲》,李琦，《直通春晚》，选送单位：浙江省新闻出版广电局浙江卫视《中国好声音》,2014
歌曲,《天耀中华》,姚贝娜,2014
曲韵串串烧,《年味儿》,张国立(兼)、逗笑、逗乐、杨蓁、杨婷、杨苗、杨倩,2014
歌曲,《难忘今宵》,李谷一、蒋大为、蔡国庆、张燕、关牧村、杨洪基、曲比阿乌,2014
开场,《四世同堂合家欢》,陶玉玲、雷恪生、张凯丽、韩童生、佟大为、关悦、张峻豪、李光羲、杨洪基、刘秉义、于淑珍、耿莲凤、朱明瑛、关牧村、邓玉华,2015
歌曲,《中华好儿孙》,张丰毅、段奕宏、朱亚文,2015
小品,《喜乐街》,贾玲、沙溢、李菁、瞿颖,2015
歌曲,《万事如意》,陶喆,2015
歌曲,《小镇姑娘》,张也,2015
京剧,《三家店》选段,陈羽凡、胡海泉,2015
歌曲,《奔跑》,于魁智,2015
歌曲,《最炫小苹果》,筷子兄弟、凤凰传奇、北京群众艺术馆,2015
相声,《我忍不了》,岳云鹏、孙越,2015
创意儿童节目,《自古英雄出少年》,王浩、王芊千、孟子钦、田正、张家兴、山东省莱州中华武校,2015
歌曲,《回家的路》,刘德华,2015
小品,《车站奇遇》,蔡明、潘长江、穆雪峰,2015
歌曲,《当你老了》,莫文蔚,2015
歌曲,《拉住妈妈的手》,刘和刚,2015
小品,《小棉袄》,冯巩、高晓攀、尤宪超、张小斐,2015
杂技,《青花瓷》,邓洪富、汤小燕、陈思洋、四川省遂宁市杂技团,2015
魔术,《纸牌幻想》,周家宏,2015
歌曲,《多远都要在一起》,邓紫棋,2015
小品,《投其所好》,沈腾、马丽、杜晓宇,2015
舞蹈,《丝路霓裳》,中国东方演艺集团,2015
歌曲,《丝路》,那英,2015
武术,《江山如画》,张震、吴京、冉千鑫、孙瑛、黄雪晴、梁壁荧、乔良帅、河南塔沟少林武术学校,2015
小品,《高手在民间》,《星光大道》草根明星,2015
非物质文化遗产创意节目,《锦绣》,李宇春,2015
小品,《一定找到你》,郭冬临、刘涛、郭丰周、富俊淇、吴江、于健,2015
戏曲集萃,《梨园芳华》,迟小秋、吕洋、郭伟等,2015
歌曲,《共筑中国梦》,廖昌永、殷秀梅,2015
小品,《社区民警于三快》,孙涛、邵峰、宋阳等,2015
歌曲,《从前慢》,刘欢、郎朗、吕思清,2015
歌曲,《乡愁》,雷佳,2015
歌曲,《人间天河》,韩磊、阿鲁阿卓,2015
歌曲,《幸福家家有》,陆毅、鲍蕾、陆雨萱,2015
歌曲,《搭把手》,孙楠,2015
歌曲,《强军战歌》,阎维文、中国人民解放军三军仪仗队,2015
歌曲,《把心交给你》,莫华伦、吕薇、中国传媒大学合唱团,2015
56个民族创意服装秀,《大地春晖》,杨月秋、李飞、孟庆旸等,2015
相声,《圈子》,周炜、武宾,2015
相声,《这不是我的》,苗阜、王声,2015
歌曲,《时代的勇气》,张英席、王莉,2015
歌曲,《难忘今宵》,李谷一、全国观众代表,2015
开场歌舞,《春到福来》,闫妮、沙溢、蔡国庆、林依轮、刘雨欣、李维、郑兴琦、草帽姐、丁豪夫、潘兴源,2016
歌曲,《美丽中国走起来》,凤凰传奇、玖月奇迹,2016
小品,《快乐老爸》,冯巩、徐帆、白凯南、王孝天,2016
歌曲,《走在小康路上》,张也,2016
儿童节目,《幸福成长》,TFBOYS（加油男孩组合）、月亮姐姐、红果果、绿泡泡,2016
小品,《放心吧》,孙涛、邵峰、王宏坤、李屹伦,2016
歌曲,《山水中国美》,刘涛、梁咏琪、林心如、高博文、张建珍、上海评弹团、苏州评弹学校,2016
歌舞,《快乐想念》,沙宝亮、吉克隽逸,2016
歌舞,《相亲相爱》,胡歌、许茹芸,2016
舞蹈,《茉莉花》,亚特兰大晨星舞蹈学校华侨华人子女,2016
小品,《将军与士兵》,侯勇、句号、于恒,2016
歌曲,《铁血忠诚》,中国人民解放军三军仪仗队、张玉华,2016
歌曲,《多想对你说》,雷佳,2016
鼓乐表演,《盛世鼓舞》,黄豆豆,2016
歌曲,《丝绸之路》,徐千雅、喻越越,2016
戏曲,《戏游花果山》,孟广禄、迟小秋、小香玉、单仰萍、何云、茅善玉、朱元昊、陈丽俐、赵永伟等、山东莱州中华武校、吉林省京剧院,2016
歌曲,《华阴老腔一声喊》,谭维维、张喜民、“华阴老腔”演员,2016
小品,《快递小乔》,乔杉、修睿、娄艺潇,2016
歌曲,《父子》,佟铁鑫、杨洋,2016
武术,《天地人和》,甄子丹、山东莱州中华武校,2016
歌曲组合,《回声嘹亮》,,2016
歌曲,《没有共产党就没有新中国》,霍勇、师鹏、刘和刚,2016
歌曲,《过雪山草地》,阎维文,2016
歌曲,《山丹丹花开红艳艳》,贠恩凤、王向荣、王二妮,2016
歌曲,《我的祖国》,郭兰英、王莉、王庆爽、尤泓斐、金婷婷,2016
歌曲,《发光时代》,张杰,2016
创意歌舞,《冲向巅峰》,孙楠,2016
杂技,《直挂云帆》,李童、登封市少林鹅坡武术专修院,2016
小品,《是谁呢》,郭冬临、黄杨、刘亚津、马天宇、关晓彤,2016
歌舞,《在你伟大的怀抱里》,杜淳、蒋欣、汪小敏等,2016
歌曲,《酒歌》,五彩呼伦贝尔儿童合唱团、吉祥三宝、云飞、图雅娜莎,2016
歌曲,《春天来了》,,2016
歌曲,《守望相助》,,2016
歌曲,《雪恋》,陈思思、北京体育大学,2016
歌曲,《六尺巷》,赵薇,2016
小品,《网购奇遇》,蔡明、潘长江、高粼粼,2016
歌曲,《光荣》,殷秀梅,2016
歌曲,《相逢春天》,廖昌永、吕薇、张英席、张妮,2016
魔术,《家的思念》,王亦丰（Yif）,2016
歌曲,《小梦想 大梦想》,平安、王紫凝,2016
相声,《我知道》,李寅飞、李丁,2016
歌曲,《吉祥吉祥》,萨顶顶、云南彝族“海菜腔”“跳菜舞”演员,2016
结束曲/片尾曲,《难忘今宵》,李谷一、草蜢、杨培安、信,2016
开场歌舞,《美丽中国年》,欢乐颂五美、刘涛、蒋欣、王子文、杨紫、乔欣、TFBOYS（加油男孩组合）,2017
少儿歌舞,《金鸡报晓》,空军蓝天幼儿艺术团、中央电视台银河少年电视艺术团,2017
小品,《大城小爱》,刘亮、白鸽、郭金杰,2017
歌曲,《在此刻》,胡歌、王凯,2017
小品,《老伴》,蔡明、潘长江、潘斌龙,2017
舞蹈,《火舞欢腾》,,2017
歌舞,《情深谊长》,吉克隽逸,2017
歌舞,《太阳出来喜洋洋》,李克勤、蔡卓妍,2017
相声,《姥说》,高晓攀、尤宪超,2017
舞蹈,《清风》,李艳超（领舞）,2017
小品,《真情永驻》,孙涛、闫学晶、刘仪伟,2017
歌曲,《满城烟花》,毛阿敏、张杰,2017
歌舞,《歌从漓江来》,黄婉秋、邓紫棋、张信哲,2017
歌舞,《带上月光上路》,马天宇、关晓彤、王嘉,2017
相声,《新虎口遐想》,姜昆、戴志诚,2017
快板表演,,朱光斗（老文艺战士）,2017
歌曲,《当那一天来临》,张英席、霍勇、刘和刚、师鹏、汤子星、陈小涛,2017
歌曲,《爱你一万年》,鹿晗、陈伟霆,2017
小品,《一个女婿半个儿》,沈腾、艾伦、魏翔、吴江、杨沅翰,2017
戏曲,《薪火相传》,孟广禄、杨赤、何赛飞、邵雁、吴美莲等,2017
歌舞,《看山看水看中国》,吕继宏、张也,2017
小品,《天山情》,阿布都色拉木、迪丽呼玛尔、尚大庆等,2017
歌舞,《冰雪彩虹》,玖月奇迹,2017
冰舞,《冰雪梦飞扬》,黑龙江省杂技团、哈尔滨市冬季运动管理中心等,2017
武术,《中国骄傲》,国家武术队,2017
歌曲,《健康动起来》,井柏然、张艺兴,2017
相声剧,《信任》,冯巩、林永健、宋宁、傅园慧,2017
歌曲,《千年之约》,韩红,2017
歌曲,《国家》,成龙、两岸三地及少数民族大学生代表,2017
歌曲与杂技,《梦想之城》,李玟、林俊杰、上海杂技团（《时空之旅》演员，杂技表演）、SNH48（舞蹈表演）,2017
歌曲与旗袍秀,《紫竹调·家的味道》,吴孟超、廖昌永、吴敏霞、邹市明、平安、韩雪、黄豆豆、傅琰东家庭,2017
歌曲,《欢乐夜》,凤凰传奇,2017
歌曲,《不忘初心》,韩磊、谭维维,2017
歌舞,《母亲是中华》,汤非、王莉,2017
快闪,《海外华人华侨拜年》,,2017
小品,《阿峰其人》（杭州小品）,董其峰、方菁萍、李想、钦婉云（杭州滑稽戏团）,2017
歌曲,《离别草原》,云飞、云朵,2017
杂技,《双花争艳》,刘藤、鲁斯兰娜,2017
歌曲,《一片深情》,吴彤,2017
歌曲,《壮丽航程》,阎维文、殷秀梅,2017
结束曲/片尾曲,《难忘今宵》（最后一歌）,李谷一、关牧村、高音、刘雨欣、汪小敏、李光、更却才仁,2017
开场歌舞,《万紫千红中国年》,容祖儿，周渝民，陈晓，佟丽娅，胡可、沙溢、安吉和小鱼儿一家，凤凰传奇组合,2018
舞蹈,《欢乐的节日》,领舞：张傲月、蔡亦寒、郝若琦、李炜然表演：“小白桦”俄罗斯民族舞蹈团戏梯：尤兹依尔（阿塞拜疆）转毯：塔拉（英国）、瓦利德（英国）旱滑：王红超、张悦皮吊：杨皓云、杨皓翔滚环：张磊、姚双新,2018
小品,《真假老师》,贾玲、张小斐、许君聪、何欢,2018
歌曲,《赞赞新时代》,李易峰、景甜、江疏影,2018
小品,《学车》,蔡明、潘长江、贾冰,2018
侗族大歌,《尽情欢歌》,黎平县万人侗族大歌合唱团、黎平县侗族大歌艺术团,2018
歌舞,《太阳鼓》,林志炫,2018
歌舞,《对歌对到日落坡》,阿幼朵、蝶当久,2018
魔术与歌曲,《告白气球》,周杰伦、蔡威泽、刘楚恬,2018
少儿歌舞,《旺旺年》,空军蓝天幼儿艺术团、海军海娃艺术团、郭成（蜘蛛人）、乔麦元、王贤梅（驯狗师）、山东省莱州中华武校、魔术气球人,2018
小品,《回家》,方芳、张晨光、王姬、杜宁林、狄志杰等,2018
歌曲,《岁月》,王菲、那英,2018
特别设计 国宝回归：,《丝路山水地图》,张国立、单霁翔（故宫博物院院长）、许荣茂（香港世茂集团董事局主席）,2018
舞蹈,《丝路绽放》,星海音乐学院、吉林市歌舞团、三亚市歌舞剧院、中国邮政艺术团、中国电信武汉艺术团、济南大学,2018
小品,《提意见》,孙涛、秦海璐、王宏坤,2018
歌曲,《勇气》,派伟俊（《2017我要上春晚》晋级选手）,2018
杂技表演,,长隆横琴国际马戏城,2018
歌曲,《我的春晚我的年》,王凯、杨洋,2018
相声,《我爱诗词》,冯巩、贾旭明、曹随风、侯林林,2018
歌曲,《山笑水笑人欢笑》,吕继宏、张也,2018
歌曲,《中国》,成龙、吴京,2018
武术,《双雄会》,释延淀、清风子、中国嵩山少林寺武僧团、郑州大学体育学院、河南少林塔沟武术学校,2018
山东曲阜、泰安分会场节目,,,2018
歌曲,《龙的传人》,黄晓明、钟汉良、言承旭、夏利奥,2018
钢琴协奏曲,《黄河颂》选段,指挥：李心草钢琴演奏：李云迪、陈萨,2018
歌曲,《天耀中华》,领唱加合唱,2018
小品,《同喜同乐》,郑恺、娄乃鸣、大兵、周埃乐（加蓬）、蒙内铁路乘务组（肯尼亚）、Zaouly面具舞团（科特迪瓦）等,2018
歌曲,《最好的舞台》,黄渤、陈伟霆、张艺兴、舞邦（SINOSTAGE，齐舞表演）,2018
戏曲,《盛世梨园美》,孟广禄、杨赤、王越、方旭、杨婷娜、李旭丹、陈俐、廖聪、金不换、徐福先、李胜素、张馨月、姜亦珊、刘京、马佳、李军、张建峰、杜喆、冯冠博、李博等,2018
歌曲,《再一次出发》,韩磊,2018
体育与舞蹈,《波涛之上》,胡适、南京体育学院、吉林市歌舞团、三亚市歌舞剧院、星海音乐学院、山东师范大学、山东青年政治学院,2018
歌曲,《幸福新起点》,表演：孙楠、谭维维领舞：潘永超、秦丹妮,2018
钢琴曲,《新丝绸之路》,马克西姆（克罗地亚）、吴牧野,2018
歌曲,《乘风破浪》,古巨基、平安、张碧晨、喻越越、体育明星及世界超模、世界小姐、新丝路模特等,2018
杂技与舞蹈,《沙场砺兵》,杂技：潘跃新、大兴东杂技团舞蹈：三亚市歌舞剧院、山东师范大学、山东青年政治学院,2018
歌曲,《我和235有个约》,TFBOYS（加油男孩组合）,2018
相声,《单车问答》,董建春、李丁,2018
歌曲,《不同凡响》,萧敬腾、袁娅维（《2017我要上春晚》晋级选手）、迪玛希（哈萨克斯坦）,2018
歌曲,《我们的新时代》,阎维文、雷佳,2018
民族歌舞,《中华手拉手》,云朵、云飞、曹芙嘉、金美儿、扎西顿珠、呼斯楞、王紫格、苏尼特右旗乌兰牧骑（《2017我要上春晚》晋级选手）、傲日其愣（《星光大道》2017年度总冠军）,2018
小品,《为您服务》,林永健、杨少华、李明启、王丽云、李琦、李成儒、戴春荣、李建义、张立、杨紫、白凯南、蒋诗萌、郭金杰等,2018
舞蹈,《亮花鞋》,阆中春节文化民俗艺术团、星海音乐学院、中国电信武汉艺术团、四川大学,2018
歌舞,《我爱你中国》,张英席、金婷婷、“我唱中国”国际歌唱家团队：田浩江（美国）、朱丽叶（美国）、雅娜（俄罗斯）、茱莉亚（美国）、塔拉（美国）、苏菲（法国）、朱塞佩（意大利）、安德利亚（意大利）、瓦迪斯（拉脱维亚）,2018
结束曲/片尾曲,《难忘今宵》（最后一歌）,李谷一、霍勇、刘雨欣、汤非,2018
